figure_name,host_figure_name,host_common_name,scientific,host_scientific_name,duck_age,which_number_am_I,ind_ID,reference,strain_jev,genotype,DPI,titre,max_titre,unit,duration,n_viraemic,total_innoc,sample_size,omit,summarized,initials,type,notes,Flag/comments,,,
Rufous night heron,Rufous night heron (Nycticorax caledonicus),Rufous_night_heron,Nycticorax caledonicus,Nycticorax_caledonicus,,1,1,Boyle,Nakayama,G-III,1,0,,LD50,,,,,,,,,"The data wasn't presented as individuals, but I made the the call to guess. ",,,,
Rufous night heron,Rufous night heron (Nycticorax caledonicus),Rufous_night_heron,Nycticorax caledonicus,Nycticorax_caledonicus,,1,1,Boyle,Nakayama,G-III,2,2.7,,LD50,,,,,,,,,,,,,
Rufous night heron,Rufous night heron (Nycticorax caledonicus),Rufous_night_heron,Nycticorax caledonicus,Nycticorax_caledonicus,,1,1,Boyle,Nakayama,G-III,3,3.2,,LD50,,,,,,,,,,,,,
Rufous night heron,Rufous night heron (Nycticorax caledonicus),Rufous_night_heron,Nycticorax caledonicus,Nycticorax_caledonicus,,1,1,Boyle,Nakayama,G-III,4,2.2,,LD50,,,,,,,,,,,,,
Rufous night heron,Rufous night heron (Nycticorax caledonicus),Rufous_night_heron,Nycticorax caledonicus,Nycticorax_caledonicus,,1,1,Boyle,Nakayama,G-III,5,2.3,,LD50,,,,,,,,,,,,,
Rufous night heron,Rufous night heron (Nycticorax caledonicus),Rufous_night_heron,Nycticorax caledonicus,Nycticorax_caledonicus,,1,1,Boyle,Nakayama,G-III,6,1.8,,LD50,,,,,,,,,,,,,
Rufous night heron,Rufous night heron (Nycticorax caledonicus),Rufous_night_heron,Nycticorax caledonicus,Nycticorax_caledonicus,,1,1,Boyle,Nakayama,G-III,7,0,,LD50,,,,,,,,,,,,,
Rufous night heron,Rufous night heron (Nycticorax caledonicus),Rufous_night_heron,Nycticorax caledonicus,Nycticorax_caledonicus,,2,2,Boyle,Nakayama,G-III,1,0,,LD50,,,,,,,,,"The data wasn't presented as individuals, but I made the the call to guess. ",,,,
Rufous night heron,Rufous night heron (Nycticorax caledonicus),Rufous_night_heron,Nycticorax caledonicus,Nycticorax_caledonicus,,2,2,Boyle,Nakayama,G-III,2,2,,LD50,,,,,,,,,,,,,
Rufous night heron,Rufous night heron (Nycticorax caledonicus),Rufous_night_heron,Nycticorax caledonicus,Nycticorax_caledonicus,,2,2,Boyle,Nakayama,G-III,3,1.6,,LD50,,,,,,,,,,,,,
Rufous night heron,Rufous night heron (Nycticorax caledonicus),Rufous_night_heron,Nycticorax caledonicus,Nycticorax_caledonicus,,2,2,Boyle,Nakayama,G-III,4,0,,LD50,,,,,,,,,,,,,
Rufous night heron,Rufous night heron (Nycticorax caledonicus),Rufous_night_heron,Nycticorax caledonicus,Nycticorax_caledonicus,,2,3,Boyle,Nakayama,G-III,,1.9,1.9,LD50,2,1,3,3,,1,MM,ardeid,I put one of the other non-viraemic individuals in this group. ,,,,
Rufous night heron,Rufous night heron (Nycticorax caledonicus),Rufous_night_heron,Nycticorax caledonicus,Nycticorax_caledonicus,,,4,Boyle,Nakayama,G-III,1,3.6,,LD50,,,,,,,,,"One of this group was non-viraemic, so I included the non-viraemic one just above. ",,,,
Rufous night heron,Rufous night heron (Nycticorax caledonicus),Rufous_night_heron,Nycticorax caledonicus,Nycticorax_caledonicus,,,4,Boyle,Nakayama,G-III,2,3.9,,LD50,,,,,,,,,,,,,
Rufous night heron,Rufous night heron (Nycticorax caledonicus),Rufous_night_heron,Nycticorax caledonicus,Nycticorax_caledonicus,,,4,Boyle,Nakayama,G-III,3,2.1,,LD50,,,,,,,,,,,,,
Rufous night heron,Rufous night heron (Nycticorax caledonicus),Rufous_night_heron,Nycticorax caledonicus,Nycticorax_caledonicus,,,4,Boyle,Nakayama,G-III,4,0,,LD50,,,,,,,,,,,,,
Rufous night heron,Rufous night heron (Nycticorax caledonicus),Rufous_night_heron,Nycticorax caledonicus,Nycticorax_caledonicus,,,5,Boyle,Nakayama,G-III,1,3.7,,LD50,,,,,,,,,,,,,
Rufous night heron,Rufous night heron (Nycticorax caledonicus),Rufous_night_heron,Nycticorax caledonicus,Nycticorax_caledonicus,,,5,Boyle,Nakayama,G-III,2,4.8,,LD50,,,,,,,,,,,,,
Rufous night heron,Rufous night heron (Nycticorax caledonicus),Rufous_night_heron,Nycticorax caledonicus,Nycticorax_caledonicus,,,5,Boyle,Nakayama,G-III,3,2.2,,LD50,,,,,,,,,,,,,
Rufous night heron,Rufous night heron (Nycticorax caledonicus),Rufous_night_heron,Nycticorax caledonicus,Nycticorax_caledonicus,,,5,Boyle,Nakayama,G-III,4,0,,LD50,,,,,,,,,,,,,
Intermediate egret,Intermediate egret (Ardea intermedia var.),intermediate_egret,Ardea intermedia,Ardea_intermedia,,,6,Boyle,Nakayama,G-III,1,2.2,,LD50,,,,,,,,,,,,,
Intermediate egret,Intermediate egret (Ardea intermedia var.),intermediate_egret,Ardea intermedia,Ardea_intermedia,,1,6,Boyle,Nakayama,G-III,2,2.8,,LD50,,,,,,,MM,ardeid,,,,,
Plumed egret,Plumed egret (Ardea plumifera),plumed_egret,Ardea plumifera,ardea_plumifera,,2249,7,Gresser,M5/595,G-III,,1.8,1.8,LD50,2,1,1,,,1,MM,ardeid,LD50/0.04ml. Does the 0.04ml matter? The methods don't talk about virus detection in the egrets. ,,,,
Plumed egret,Plumed egret (Ardea plumifera),plumed_egret,Ardea plumifera,ardea_plumifera,,2250,8,Gresser,M5/596,G-III,,1.6,1.6,LD50,2,1,1,,,1,MM,ardeid,LD50/0.04ml. Does the 0.04ml matter? The methods don't talk about virus detection in the egrets. ,,,,
Great egret,Great egret (Ardea alba),great_egret,Ardea alba,ardea_alba,,2251,9,Gresser,M5/596,G-III,,1.8,1.8,LD50,2,1,1,,,1,KM,ardeid,LD50/0.04ml. Does the 0.04ml matter? The methods don't talk about virus detection in the egrets. ,,,,
Rock pigeon,Rock pigeon (Columbia livia),rock_pigeon,Columba livia,columba_livia,,,10,Nameth,JE-VN,G-I,,3.65,4.3,PFU,4,5,5,,,1,MM,bird,,Group duration is biased,,,
Rock pigeon,Rock pigeon (Columbia livia),rock_pigeon,Columba livia,columba_livia,,,11,Nameth,826309 (JE-IN),G-III,,3.1,3.8,PFU,3,4,5,,,1,MM,bird,,Group duration is biased,,,
European starling,European starling (Sturnus vulgaris),european_starling,Sturnus vulgaris,sturnus_vulgaris,,,12,Nameth,JE-VN,G-I,,2.98,3.6,PFU,3,4,5,,,1,MM,bird,,Group duration is biased,,,
European starling,European starling (Sturnus vulgaris),european_starling,Sturnus vulgaris,sturnus_vulgaris,,,13,Nameth,826309 (JE-IN),G-III,,2.58,3.1,PFU,5,3,4,,,1,MM,bird,,Group duration is biased,,,
Domestic duck,Domestic duck (Anas platyrhynchos dom.),domestic_duck,Anas platyrhynchos dom.,anas_platyrhynchos_dom.,50,,14,Nameth,JE-VN,G-I,,2.86,3.3,PFU,3,3,4,,,1,MM,bird,,,,,
Domestic duck,Domestic duck (Anas platyrhynchos dom.),domestic_duck,Anas platyrhynchos dom.,anas_platyrhynchos_dom.,50,,15,Nameth,826309 (JE-IN),G-III,,1.41,1.7,PFU,2,2,4,,,1,MM,bird,,,,,
Cattle egret,Cattle egret (Bulbulcus ibis),cattle_egret,Bubulcus ibis,bubulcus_ibis,,,16,Nameth,JE-VN,G-I,,2.68,3.1,PFU,4,5,5,,,1,MM,ardeid,,Group duration is biased,,,
Cattle egret,Cattle egret (Bulbulcus ibis),cattle_egret,Bubulcus ibis,bubulcus_ibis,,,17,Nameth,826309 (JE-IN),G-III,,2.98,3.7,PFU,5,5,5,,,1,MM,ardeid,,Group duration is biased,,,
House sparrow,House sparrow (Passer dom.),house_sparrow,Passer dom.,passer_dom.,,,18,Nameth,JE-VN,G-I,,2.52,3.7,PFU,7,11,15,,,1,MM,bird,,Group duration is biased,,,
House sparrow,House sparrow (Passer dom.),house_sparrow,Passer dom.,passer_dom.,,,19,Nameth,826309 (JE-IN),G-III,,1.96,2.3,PFU,6,3,3,,,1,MM,bird,,Group duration is biased,,,
Chicken,Chicken (Gallus dom.),chicken,Gallus dom.,gallus_dom.,,,20,Nameth,826309 (JE-IN),G-III,,1.7,1.7,PFU,1,1,4,,,1,MM,bird,,,,,
Great egret,Great egret (Ardea alba),great_egret,Ardea alba,ardea_alba,,,21,Nameth,826309 (JE-IN),G-III,,3.8,4.2,PFU,4,2,2,,,1,MM,bird,2.997940009,,,,
Agile wallaby,Agile wallaby (Macropus agilis),agile_wallaby,Macropus agilis,macropus_agilis,,2,22,CSIRO,JE isolate 4054,Unspecified,0,0,,TCID50,,,,,,,KM,marsupial,,,,,
Agile wallaby,Agile wallaby (Macropus agilis),agile_wallaby,Macropus agilis,macropus_agilis,,2,22,CSIRO,JE isolate 4054,Unspecified,1,0,,TCID50,,,,,,,KM,marsupial,,,,,
Agile wallaby,Agile wallaby (Macropus agilis),agile_wallaby,Macropus agilis,macropus_agilis,,2,22,CSIRO,JE isolate 4054,Unspecified,2,0,,TCID50,,,,,,,KM,marsupial,,,,,
Agile wallaby,Agile wallaby (Macropus agilis),agile_wallaby,Macropus agilis,macropus_agilis,,2,22,CSIRO,JE isolate 4054,Unspecified,3,1.6,,TCID50,,,,,,,KM,marsupial,,,,,
Agile wallaby,Agile wallaby (Macropus agilis),agile_wallaby,Macropus agilis,macropus_agilis,,2,22,CSIRO,JE isolate 4054,Unspecified,4,0,,TCID50,,,,,,,KM,marsupial,,,,,
Agile wallaby,Agile wallaby (Macropus agilis),agile_wallaby,Macropus agilis,macropus_agilis,,2,22,CSIRO,JE isolate 4054,Unspecified,5,0,,TCID50,,,,,,,KM,marsupial,,,,,
Agile wallaby,Agile wallaby (Macropus agilis),agile_wallaby,Macropus agilis,macropus_agilis,,2,22,CSIRO,JE isolate 4054,Unspecified,6,0,,TCID50,,,,,,,KM,marsupial,,,,,
Agile wallaby,Agile wallaby (Macropus agilis),agile_wallaby,Macropus agilis,macropus_agilis,,2,22,CSIRO,JE isolate 4054,Unspecified,7,0,,TCID50,,,,,,,KM,marsupial,,,,,
Agile wallaby,Agile wallaby (Macropus agilis),agile_wallaby,Macropus agilis,macropus_agilis,,5,23,CSIRO,JE isolate 4054,Unspecified,0,0,,TCID50,,,,,,,KM,marsupial,,,,,
Agile wallaby,Agile wallaby (Macropus agilis),agile_wallaby,Macropus agilis,macropus_agilis,,5,23,CSIRO,JE isolate 4054,Unspecified,1,0,,TCID50,,,,,,,KM,marsupial,,,,,
Agile wallaby,Agile wallaby (Macropus agilis),agile_wallaby,Macropus agilis,macropus_agilis,,5,23,CSIRO,JE isolate 4054,Unspecified,2,0,,TCID50,,,,,,,KM,marsupial,,,,,
Agile wallaby,Agile wallaby (Macropus agilis),agile_wallaby,Macropus agilis,macropus_agilis,,5,23,CSIRO,JE isolate 4054,Unspecified,3,0,,TCID50,,,,,,,KM,marsupial,,,,,
Agile wallaby,Agile wallaby (Macropus agilis),agile_wallaby,Macropus agilis,macropus_agilis,,5,23,CSIRO,JE isolate 4054,Unspecified,4,1.6,,TCID50,,,,,,,KM,marsupial,,,,,
Agile wallaby,Agile wallaby (Macropus agilis),agile_wallaby,Macropus agilis,macropus_agilis,,5,23,CSIRO,JE isolate 4054,Unspecified,5,0,,TCID50,,,,,,,KM,marsupial,,,,,
Agile wallaby,Agile wallaby (Macropus agilis),agile_wallaby,Macropus agilis,macropus_agilis,,5,23,CSIRO,JE isolate 4054,Unspecified,6,0,,TCID50,,,,,,,KM,marsupial,,,,,
Agile wallaby,Agile wallaby (Macropus agilis),agile_wallaby,Macropus agilis,macropus_agilis,,5,23,CSIRO,JE isolate 4054,Unspecified,7,0,,TCID50,,,,,,,KM,marsupial,,,,,
Agile wallaby,Agile wallaby (Macropus agilis),agile_wallaby,Macropus agilis,macropus_agilis,,,121,CSIRO,,,,0,0,TCID50,0,0,3,,,1,,To account for the non-viraemic individuals. ,,,,,
Brush-tailed possum,Brush-tailed possum (Trichosurus vulpecula),brush_tailed_possum,Trichosurus vulpecula,trichosurus_vulpecula,,1,24,CSIRO,JE isolate 4054,Unspecified,0,0,,TCID50,,,,,,,KM,marsupial,,,,,
Brush-tailed possum,Brush-tailed possum (Trichosurus vulpecula),brush_tailed_possum,Trichosurus vulpecula,trichosurus_vulpecula,,1,24,CSIRO,JE isolate 4054,Unspecified,1,1,,TCID50,,,,,,,KM,marsupial,,,,,
Brush-tailed possum,Brush-tailed possum (Trichosurus vulpecula),brush_tailed_possum,Trichosurus vulpecula,trichosurus_vulpecula,,1,24,CSIRO,JE isolate 4054,Unspecified,2,2.4,,TCID50,,,,,,,KM,marsupial,,,,,
Brush-tailed possum,Brush-tailed possum (Trichosurus vulpecula),brush_tailed_possum,Trichosurus vulpecula,trichosurus_vulpecula,,1,24,CSIRO,JE isolate 4054,Unspecified,3,0,,TCID50,,,,,,,KM,marsupial,,,,,
Brush-tailed possum,Brush-tailed possum (Trichosurus vulpecula),brush_tailed_possum,Trichosurus vulpecula,trichosurus_vulpecula,,1,24,CSIRO,JE isolate 4054,Unspecified,4,0,,TCID50,,,,,,,KM,marsupial,,,,,
Brush-tailed possum,Brush-tailed possum (Trichosurus vulpecula),brush_tailed_possum,Trichosurus vulpecula,trichosurus_vulpecula,,1,24,CSIRO,JE isolate 4054,Unspecified,5,0,,TCID50,,,,,,,KM,marsupial,,,,,
Brush-tailed possum,Brush-tailed possum (Trichosurus vulpecula),brush_tailed_possum,Trichosurus vulpecula,trichosurus_vulpecula,,1,24,CSIRO,JE isolate 4054,Unspecified,6,0,,TCID50,,,,,,,KM,marsupial,,,,,
Brush-tailed possum,Brush-tailed possum (Trichosurus vulpecula),brush_tailed_possum,Trichosurus vulpecula,trichosurus_vulpecula,,1,24,CSIRO,JE isolate 4054,Unspecified,7,0,,TCID50,,,,,,,KM,marsupial,,,,,
Brush-tailed possum,Brush-tailed possum (Trichosurus vulpecula),brush_tailed_possum,Trichosurus vulpecula,trichosurus_vulpecula,,2,25,CSIRO,JE isolate 4054,Unspecified,0,0,,TCID50,,,,,,,KM,marsupial,,,,,
Brush-tailed possum,Brush-tailed possum (Trichosurus vulpecula),brush_tailed_possum,Trichosurus vulpecula,trichosurus_vulpecula,,2,25,CSIRO,JE isolate 4054,Unspecified,1,2.4,,TCID50,,,,,,,KM,marsupial,,,,,
Brush-tailed possum,Brush-tailed possum (Trichosurus vulpecula),brush_tailed_possum,Trichosurus vulpecula,trichosurus_vulpecula,,2,25,CSIRO,JE isolate 4054,Unspecified,2,1,,TCID50,,,,,,,KM,marsupial,,,,,
Brush-tailed possum,Brush-tailed possum (Trichosurus vulpecula),brush_tailed_possum,Trichosurus vulpecula,trichosurus_vulpecula,,2,25,CSIRO,JE isolate 4054,Unspecified,4,1,,TCID50,,,,,,,KM,marsupial,,,,,
Brush-tailed possum,Brush-tailed possum (Trichosurus vulpecula),brush_tailed_possum,Trichosurus vulpecula,trichosurus_vulpecula,,2,25,CSIRO,JE isolate 4054,Unspecified,5,0,,TCID50,,,,,,,KM,marsupial,,,,,
Brush-tailed possum,Brush-tailed possum (Trichosurus vulpecula),brush_tailed_possum,Trichosurus vulpecula,trichosurus_vulpecula,,2,25,CSIRO,JE isolate 4054,Unspecified,6,0,,TCID50,,,,,,,KM,marsupial,,,,,
Brush-tailed possum,Brush-tailed possum (Trichosurus vulpecula),brush_tailed_possum,Trichosurus vulpecula,trichosurus_vulpecula,,2,25,CSIRO,JE isolate 4054,Unspecified,7,0,,TCID50,,,,,,,KM,marsupial,,,,,
Brush-tailed possum,Brush-tailed possum (Trichosurus vulpecula),brush_tailed_possum,Trichosurus vulpecula,trichosurus_vulpecula,,3,26,CSIRO,JE isolate 4054,Unspecified,0,0,,TCID50,,,,,,,KM,marsupial,,,,,
Brush-tailed possum,Brush-tailed possum (Trichosurus vulpecula),brush_tailed_possum,Trichosurus vulpecula,trichosurus_vulpecula,,3,26,CSIRO,JE isolate 4054,Unspecified,1,3,,TCID50,,,,,,,KM,marsupial,,,,,
Brush-tailed possum,Brush-tailed possum (Trichosurus vulpecula),brush_tailed_possum,Trichosurus vulpecula,trichosurus_vulpecula,,3,26,CSIRO,JE isolate 4054,Unspecified,2,1,,TCID50,,,,,,,KM,marsupial,,,,,
Brush-tailed possum,Brush-tailed possum (Trichosurus vulpecula),brush_tailed_possum,Trichosurus vulpecula,trichosurus_vulpecula,,3,26,CSIRO,JE isolate 4054,Unspecified,3,1,,TCID50,,,,,,,KM,marsupial,,,,,
Brush-tailed possum,Brush-tailed possum (Trichosurus vulpecula),brush_tailed_possum,Trichosurus vulpecula,trichosurus_vulpecula,,3,26,CSIRO,JE isolate 4054,Unspecified,4,0,,TCID50,,,,,,,KM,marsupial,,,,,
Brush-tailed possum,Brush-tailed possum (Trichosurus vulpecula),brush_tailed_possum,Trichosurus vulpecula,trichosurus_vulpecula,,3,26,CSIRO,JE isolate 4054,Unspecified,5,0,,TCID50,,,,,,,KM,marsupial,,,,,
Brush-tailed possum,Brush-tailed possum (Trichosurus vulpecula),brush_tailed_possum,Trichosurus vulpecula,trichosurus_vulpecula,,3,26,CSIRO,JE isolate 4054,Unspecified,6,0,,TCID50,,,,,,,KM,marsupial,,,,,
Brush-tailed possum,Brush-tailed possum (Trichosurus vulpecula),brush_tailed_possum,Trichosurus vulpecula,trichosurus_vulpecula,,3,26,CSIRO,JE isolate 4054,Unspecified,7,0,,TCID50,,,,,,,KM,marsupial,,,,,
Brush-tailed possum,Brush-tailed possum (Trichosurus vulpecula),brush_tailed_possum,Trichosurus vulpecula,trichosurus_vulpecula,,4,27,CSIRO,JE isolate 4054,Unspecified,0,0,,TCID50,,,,,,,KM,marsupial,,,,,
Brush-tailed possum,Brush-tailed possum (Trichosurus vulpecula),brush_tailed_possum,Trichosurus vulpecula,trichosurus_vulpecula,,4,27,CSIRO,JE isolate 4054,Unspecified,1,1,,TCID50,,,,,,,KM,marsupial,,,,,
Brush-tailed possum,Brush-tailed possum (Trichosurus vulpecula),brush_tailed_possum,Trichosurus vulpecula,trichosurus_vulpecula,,4,27,CSIRO,JE isolate 4054,Unspecified,2,2.4,,TCID50,,,,,,,KM,marsupial,,,,,
Brush-tailed possum,Brush-tailed possum (Trichosurus vulpecula),brush_tailed_possum,Trichosurus vulpecula,trichosurus_vulpecula,,4,27,CSIRO,JE isolate 4054,Unspecified,3,0,,TCID50,,,,,,,KM,marsupial,,,,,
Brush-tailed possum,Brush-tailed possum (Trichosurus vulpecula),brush_tailed_possum,Trichosurus vulpecula,trichosurus_vulpecula,,4,27,CSIRO,JE isolate 4054,Unspecified,4,0,,TCID50,,,,,,,KM,marsupial,,,,,
Brush-tailed possum,Brush-tailed possum (Trichosurus vulpecula),brush_tailed_possum,Trichosurus vulpecula,trichosurus_vulpecula,,4,27,CSIRO,JE isolate 4054,Unspecified,5,0,,TCID50,,,,,,,KM,marsupial,,,,,
Brush-tailed possum,Brush-tailed possum (Trichosurus vulpecula),brush_tailed_possum,Trichosurus vulpecula,trichosurus_vulpecula,,4,27,CSIRO,JE isolate 4054,Unspecified,6,0,,TCID50,,,,,,,KM,marsupial,,,,,
Brush-tailed possum,Brush-tailed possum (Trichosurus vulpecula),brush_tailed_possum,Trichosurus vulpecula,trichosurus_vulpecula,,4,27,CSIRO,JE isolate 4054,Unspecified,7,0,,TCID50,,,,,,,KM,marsupial,,,,,
Domestic duck,Domestic duck (Anas platyrhynchos dom.),domestic_duck,Anas platyrhynchos dom.,anas_platyrhynchos_dom.,6,square,28,Karna,KE-093-83,G-I,0,0,,PFU,,,,,,,KM,bird,actually anas_platyrhynchos_dom.,,,,
Domestic duck,Domestic duck (Anas platyrhynchos dom.),domestic_duck,Anas platyrhynchos dom.,anas_platyrhynchos_dom.,6,square,28,Karna,KE-093-83,G-I,1,3.4,,PFU,,,,,,,KM,bird,actually anas_platyrhynchos_dom.,,,,
Domestic duck,Domestic duck (Anas platyrhynchos dom.),domestic_duck,Anas platyrhynchos dom.,anas_platyrhynchos_dom.,6,square,28,Karna,KE-093-83,G-I,2,4.4,,PFU,,,,,,,KM,bird,actually anas_platyrhynchos_dom.,,,,
Domestic duck,Domestic duck (Anas platyrhynchos dom.),domestic_duck,Anas platyrhynchos dom.,anas_platyrhynchos_dom.,6,square,28,Karna,KE-093-83,G-I,3,3,,PFU,,,,,,,KM,bird,actually anas_platyrhynchos_dom.,,,,
Domestic duck,Domestic duck (Anas platyrhynchos dom.),domestic_duck,Anas platyrhynchos dom.,anas_platyrhynchos_dom.,6,square,28,Karna,KE-093-83,G-I,4,0,,PFU,,,,,,,KM,bird,actually anas_platyrhynchos_dom.,,,,
Domestic duck,Domestic duck (Anas platyrhynchos dom.),domestic_duck,Anas platyrhynchos dom.,anas_platyrhynchos_dom.,6,square,28,Karna,KE-093-83,G-I,5,0,,PFU,,,,,,,KM,bird,actually anas_platyrhynchos_dom.,,,,
Domestic duck,Domestic duck (Anas platyrhynchos dom.),domestic_duck,Anas platyrhynchos dom.,anas_platyrhynchos_dom.,6,upside down triangle ,29,Karna,KE-093-83,G-I,0,0,,PFU,,,,,,,KM,bird,actually anas_platyrhynchos_dom.,,,,
Domestic duck,Domestic duck (Anas platyrhynchos dom.),domestic_duck,Anas platyrhynchos dom.,anas_platyrhynchos_dom.,6,upside down triangle ,29,Karna,KE-093-83,G-I,1,3.1,,PFU,,,,,,,KM,bird,actually anas_platyrhynchos_dom.,,,,
Domestic duck,Domestic duck (Anas platyrhynchos dom.),domestic_duck,Anas platyrhynchos dom.,anas_platyrhynchos_dom.,6,upside down triangle ,29,Karna,KE-093-83,G-I,2,4.2,,PFU,,,,,,,KM,bird,actually anas_platyrhynchos_dom.,,,,
Domestic duck,Domestic duck (Anas platyrhynchos dom.),domestic_duck,Anas platyrhynchos dom.,anas_platyrhynchos_dom.,6,upside down triangle ,29,Karna,KE-093-83,G-I,3,0,,PFU,,,,,,,KM,bird,actually anas_platyrhynchos_dom.,,,,
Domestic duck,Domestic duck (Anas platyrhynchos dom.),domestic_duck,Anas platyrhynchos dom.,anas_platyrhynchos_dom.,6,upside down triangle ,29,Karna,KE-093-83,G-I,4,0,,PFU,,,,,,,KM,bird,actually anas_platyrhynchos_dom.,,,,
Domestic duck,Domestic duck (Anas platyrhynchos dom.),domestic_duck,Anas platyrhynchos dom.,anas_platyrhynchos_dom.,6,upside down triangle ,29,Karna,KE-093-83,G-I,5,0,,PFU,,,,,,,KM,bird,actually anas_platyrhynchos_dom.,,,,
Domestic duck,Domestic duck (Anas platyrhynchos dom.),domestic_duck,Anas platyrhynchos dom.,anas_platyrhynchos_dom.,6,right side up triangle,30,Karna,KE-093-83,G-I,0,0,,PFU,,,,,,,KM,bird,actually anas_platyrhynchos_dom.,,,,
Domestic duck,Domestic duck (Anas platyrhynchos dom.),domestic_duck,Anas platyrhynchos dom.,anas_platyrhynchos_dom.,6,right side up triangle,30,Karna,KE-093-83,G-I,1,2.6,,PFU,,,,,,,KM,bird,actually anas_platyrhynchos_dom.,,,,
Domestic duck,Domestic duck (Anas platyrhynchos dom.),domestic_duck,Anas platyrhynchos dom.,anas_platyrhynchos_dom.,6,right side up triangle,30,Karna,KE-093-83,G-I,2,4.1,,PFU,,,,,,,KM,bird,actually anas_platyrhynchos_dom.,,,,
Domestic duck,Domestic duck (Anas platyrhynchos dom.),domestic_duck,Anas platyrhynchos dom.,anas_platyrhynchos_dom.,6,right side up triangle,30,Karna,KE-093-83,G-I,3,0,,PFU,,,,,,,KM,bird,actually anas_platyrhynchos_dom.,,,,
Domestic duck,Domestic duck (Anas platyrhynchos dom.),domestic_duck,Anas platyrhynchos dom.,anas_platyrhynchos_dom.,6,right side up triangle,30,Karna,KE-093-83,G-I,4,0,,PFU,,,,,,,KM,bird,actually anas_platyrhynchos_dom.,,,,
Domestic duck,Domestic duck (Anas platyrhynchos dom.),domestic_duck,Anas platyrhynchos dom.,anas_platyrhynchos_dom.,6,right side up triangle,30,Karna,KE-093-83,G-I,5,0,,PFU,,,,,,,KM,bird,actually anas_platyrhynchos_dom.,,,,
Domestic duck,Domestic duck (Anas platyrhynchos dom.),domestic_duck,Anas platyrhynchos dom.,anas_platyrhynchos_dom.,6,circle,31,Karna,KE-093-83,G-I,0,0,,PFU,,,,,,,KM,bird,actually anas_platyrhynchos_dom.,,,,
Domestic duck,Domestic duck (Anas platyrhynchos dom.),domestic_duck,Anas platyrhynchos dom.,anas_platyrhynchos_dom.,6,circle,31,Karna,KE-093-83,G-I,1,3.4,,PFU,,,,,,,KM,bird,actually anas_platyrhynchos_dom.,,,,
Domestic duck,Domestic duck (Anas platyrhynchos dom.),domestic_duck,Anas platyrhynchos dom.,anas_platyrhynchos_dom.,6,circle,31,Karna,KE-093-83,G-I,2,3.3,,PFU,,,,,,,KM,bird,actually anas_platyrhynchos_dom.,,,,
Domestic duck,Domestic duck (Anas platyrhynchos dom.),domestic_duck,Anas platyrhynchos dom.,anas_platyrhynchos_dom.,6,circle,31,Karna,KE-093-83,G-I,3,2,,PFU,,,,,,,KM,bird,actually anas_platyrhynchos_dom.,,,,
Domestic duck,Domestic duck (Anas platyrhynchos dom.),domestic_duck,Anas platyrhynchos dom.,anas_platyrhynchos_dom.,6,circle,31,Karna,KE-093-83,G-I,4,0,,PFU,,,,,,,KM,bird,actually anas_platyrhynchos_dom.,,,,
Domestic duck,Domestic duck (Anas platyrhynchos dom.),domestic_duck,Anas platyrhynchos dom.,anas_platyrhynchos_dom.,6,circle,31,Karna,KE-093-83,G-I,5,0,,PFU,,,,,,,KM,bird,actually anas_platyrhynchos_dom.,,,,
Domestic duck,Domestic duck (Anas platyrhynchos dom.),domestic_duck,Anas platyrhynchos dom.,anas_platyrhynchos_dom.,6,diamond,32,Karna,KE-093-83,G-I,0,0,,PFU,,,,,,,KM,bird,actually anas_platyrhynchos_dom.,,,,
Domestic duck,Domestic duck (Anas platyrhynchos dom.),domestic_duck,Anas platyrhynchos dom.,anas_platyrhynchos_dom.,6,diamond,32,Karna,KE-093-83,G-I,1,2.7,,PFU,,,,,,,KM,bird,actually anas_platyrhynchos_dom.,,,,
Domestic duck,Domestic duck (Anas platyrhynchos dom.),domestic_duck,Anas platyrhynchos dom.,anas_platyrhynchos_dom.,6,diamond,32,Karna,KE-093-83,G-I,2,4.6,,PFU,,,,,,,KM,bird,actually anas_platyrhynchos_dom.,,,,
Domestic duck,Domestic duck (Anas platyrhynchos dom.),domestic_duck,Anas platyrhynchos dom.,anas_platyrhynchos_dom.,6,diamond,32,Karna,KE-093-83,G-I,3,3.3,,PFU,,,,,,,KM,bird,actually anas_platyrhynchos_dom.,,,,
Domestic duck,Domestic duck (Anas platyrhynchos dom.),domestic_duck,Anas platyrhynchos dom.,anas_platyrhynchos_dom.,6,diamond,32,Karna,KE-093-83,G-I,4,0,,PFU,,,,,,,KM,bird,actually anas_platyrhynchos_dom.,,,,
Domestic duck,Domestic duck (Anas platyrhynchos dom.),domestic_duck,Anas platyrhynchos dom.,anas_platyrhynchos_dom.,6,diamond,32,Karna,KE-093-83,G-I,5,0,,PFU,,,,,,,KM,bird,actually anas_platyrhynchos_dom.,,,,
Domestic duck,Domestic duck (Anas platyrhynchos dom.),domestic_duck,Anas platyrhynchos dom.,anas_platyrhynchos_dom.,6,square,33,Karna,MAR864,G-I,0,0,,PFU,,,,,,,KM,bird,actually anas_platyrhynchos_dom.,,,,
Domestic duck,Domestic duck (Anas platyrhynchos dom.),domestic_duck,Anas platyrhynchos dom.,anas_platyrhynchos_dom.,6,square,33,Karna,MAR864,G-I,1,0,,PFU,,,,,,,KM,bird,actually anas_platyrhynchos_dom.,,,,
Domestic duck,Domestic duck (Anas platyrhynchos dom.),domestic_duck,Anas platyrhynchos dom.,anas_platyrhynchos_dom.,6,square,33,Karna,MAR864,G-I,2,3.1,,PFU,,,,,,,KM,bird,actually anas_platyrhynchos_dom.,,,,
Domestic duck,Domestic duck (Anas platyrhynchos dom.),domestic_duck,Anas platyrhynchos dom.,anas_platyrhynchos_dom.,6,square,33,Karna,MAR864,G-I,3,3.3,,PFU,,,,,,,KM,bird,actually anas_platyrhynchos_dom.,,,,
Domestic duck,Domestic duck (Anas platyrhynchos dom.),domestic_duck,Anas platyrhynchos dom.,anas_platyrhynchos_dom.,6,square,33,Karna,MAR864,G-I,4,0,,PFU,,,,,,,KM,bird,actually anas_platyrhynchos_dom.,,,,
Domestic duck,Domestic duck (Anas platyrhynchos dom.),domestic_duck,Anas platyrhynchos dom.,anas_platyrhynchos_dom.,6,square,33,Karna,MAR864,G-I,5,0,,PFU,,,,,,,KM,bird,actually anas_platyrhynchos_dom.,,,,
Domestic duck,Domestic duck (Anas platyrhynchos dom.),domestic_duck,Anas platyrhynchos dom.,anas_platyrhynchos_dom.,6,upside down triangle ,34,Karna,MAR864,G-I,0,0,,PFU,,,,,,,KM,bird,actually anas_platyrhynchos_dom.,,,,
Domestic duck,Domestic duck (Anas platyrhynchos dom.),domestic_duck,Anas platyrhynchos dom.,anas_platyrhynchos_dom.,6,upside down triangle ,34,Karna,MAR864,G-I,1,2.6,,PFU,,,,,,,KM,bird,actually anas_platyrhynchos_dom.,,,,
Domestic duck,Domestic duck (Anas platyrhynchos dom.),domestic_duck,Anas platyrhynchos dom.,anas_platyrhynchos_dom.,6,upside down triangle ,34,Karna,MAR864,G-I,2,3.2,,PFU,,,,,,,KM,bird,actually anas_platyrhynchos_dom.,,,,
Domestic duck,Domestic duck (Anas platyrhynchos dom.),domestic_duck,Anas platyrhynchos dom.,anas_platyrhynchos_dom.,6,upside down triangle ,34,Karna,MAR864,G-I,3,4,,PFU,,,,,,,KM,bird,actually anas_platyrhynchos_dom.,,,,
Domestic duck,Domestic duck (Anas platyrhynchos dom.),domestic_duck,Anas platyrhynchos dom.,anas_platyrhynchos_dom.,6,upside down triangle ,34,Karna,MAR864,G-I,4,0,,PFU,,,,,,,KM,bird,actually anas_platyrhynchos_dom.,,,,
Domestic duck,Domestic duck (Anas platyrhynchos dom.),domestic_duck,Anas platyrhynchos dom.,anas_platyrhynchos_dom.,6,upside down triangle ,34,Karna,MAR864,G-I,5,0,,PFU,,,,,,,KM,bird,actually anas_platyrhynchos_dom.,,,,
Domestic duck,Domestic duck (Anas platyrhynchos dom.),domestic_duck,Anas platyrhynchos dom.,anas_platyrhynchos_dom.,6,right side up triangle,35,Karna,MAR864,G-I,0,0,,PFU,,,,,,,KM,bird,actually anas_platyrhynchos_dom.,,,,
Domestic duck,Domestic duck (Anas platyrhynchos dom.),domestic_duck,Anas platyrhynchos dom.,anas_platyrhynchos_dom.,6,right side up triangle,35,Karna,MAR864,G-I,1,2.6,,PFU,,,,,,,KM,bird,actually anas_platyrhynchos_dom.,,,,
Domestic duck,Domestic duck (Anas platyrhynchos dom.),domestic_duck,Anas platyrhynchos dom.,anas_platyrhynchos_dom.,6,right side up triangle,35,Karna,MAR864,G-I,2,3,,PFU,,,,,,,KM,bird,actually anas_platyrhynchos_dom.,,,,
Domestic duck,Domestic duck (Anas platyrhynchos dom.),domestic_duck,Anas platyrhynchos dom.,anas_platyrhynchos_dom.,6,right side up triangle,35,Karna,MAR864,G-I,3,0,,PFU,,,,,,,KM,bird,actually anas_platyrhynchos_dom.,,,,
Domestic duck,Domestic duck (Anas platyrhynchos dom.),domestic_duck,Anas platyrhynchos dom.,anas_platyrhynchos_dom.,6,right side up triangle,35,Karna,MAR864,G-I,4,0,,PFU,,,,,,,KM,bird,actually anas_platyrhynchos_dom.,,,,
Domestic duck,Domestic duck (Anas platyrhynchos dom.),domestic_duck,Anas platyrhynchos dom.,anas_platyrhynchos_dom.,6,right side up triangle,35,Karna,MAR864,G-I,5,0,,PFU,,,,,,,KM,bird,actually anas_platyrhynchos_dom.,,,,
Domestic duck,Domestic duck (Anas platyrhynchos dom.),domestic_duck,Anas platyrhynchos dom.,anas_platyrhynchos_dom.,6,circle,36,Karna,MAR864,G-I,0,0,,PFU,,,,,,,KM,bird,actually anas_platyrhynchos_dom.,,,,
Domestic duck,Domestic duck (Anas platyrhynchos dom.),domestic_duck,Anas platyrhynchos dom.,anas_platyrhynchos_dom.,6,circle,36,Karna,MAR864,G-I,1,2.7,,PFU,,,,,,,KM,bird,actually anas_platyrhynchos_dom.,,,,
Domestic duck,Domestic duck (Anas platyrhynchos dom.),domestic_duck,Anas platyrhynchos dom.,anas_platyrhynchos_dom.,6,circle,36,Karna,MAR864,G-I,2,3,,PFU,,,,,,,KM,bird,actually anas_platyrhynchos_dom.,,,,
Domestic duck,Domestic duck (Anas platyrhynchos dom.),domestic_duck,Anas platyrhynchos dom.,anas_platyrhynchos_dom.,6,circle,36,Karna,MAR864,G-I,3,0,,PFU,,,,,,,KM,bird,actually anas_platyrhynchos_dom.,,,,
Domestic duck,Domestic duck (Anas platyrhynchos dom.),domestic_duck,Anas platyrhynchos dom.,anas_platyrhynchos_dom.,6,circle,36,Karna,MAR864,G-I,4,0,,PFU,,,,,,,KM,bird,actually anas_platyrhynchos_dom.,,,,
Domestic duck,Domestic duck (Anas platyrhynchos dom.),domestic_duck,Anas platyrhynchos dom.,anas_platyrhynchos_dom.,6,circle,36,Karna,MAR864,G-I,5,0,,PFU,,,,,,,KM,bird,actually anas_platyrhynchos_dom.,,,,
Domestic duck,Domestic duck (Anas platyrhynchos dom.),domestic_duck,Anas platyrhynchos dom.,anas_platyrhynchos_dom.,6,diamond,37,Karna,MAR864,G-I,0,0,,PFU,,,,,,,KM,bird,actually anas_platyrhynchos_dom.,,,,
Domestic duck,Domestic duck (Anas platyrhynchos dom.),domestic_duck,Anas platyrhynchos dom.,anas_platyrhynchos_dom.,6,diamond,37,Karna,MAR864,G-I,1,2.6,,PFU,,,,,,,KM,bird,actually anas_platyrhynchos_dom.,,,,
Domestic duck,Domestic duck (Anas platyrhynchos dom.),domestic_duck,Anas platyrhynchos dom.,anas_platyrhynchos_dom.,6,diamond,37,Karna,MAR864,G-I,2,4.1,,PFU,,,,,,,KM,bird,actually anas_platyrhynchos_dom.,,,,
Domestic duck,Domestic duck (Anas platyrhynchos dom.),domestic_duck,Anas platyrhynchos dom.,anas_platyrhynchos_dom.,6,diamond,37,Karna,MAR864,G-I,3,2.6,,PFU,,,,,,,KM,bird,actually anas_platyrhynchos_dom.,,,,
Domestic duck,Domestic duck (Anas platyrhynchos dom.),domestic_duck,Anas platyrhynchos dom.,anas_platyrhynchos_dom.,6,diamond,37,Karna,MAR864,G-I,4,0,,PFU,,,,,,,KM,bird,actually anas_platyrhynchos_dom.,,,,
Domestic duck,Domestic duck (Anas platyrhynchos dom.),domestic_duck,Anas platyrhynchos dom.,anas_platyrhynchos_dom.,6,diamond,37,Karna,MAR864,G-I,5,0,,PFU,,,,,,,KM,bird,actually anas_platyrhynchos_dom.,,,,
Domestic duck,Domestic duck (Anas platyrhynchos dom.),domestic_duck,Anas platyrhynchos dom.,anas_platyrhynchos_dom.,6,square,38,Karna,JE-91,G-I,0,0,,PFU,,,,,,,KM,bird,actually anas_platyrhynchos_dom.,,,,
Domestic duck,Domestic duck (Anas platyrhynchos dom.),domestic_duck,Anas platyrhynchos dom.,anas_platyrhynchos_dom.,6,square,38,Karna,JE-91,G-I,1,3,,PFU,,,,,,,KM,bird,actually anas_platyrhynchos_dom.,,,,
Domestic duck,Domestic duck (Anas platyrhynchos dom.),domestic_duck,Anas platyrhynchos dom.,anas_platyrhynchos_dom.,6,square,38,Karna,JE-91,G-I,2,4.4,,PFU,,,,,,,KM,bird,actually anas_platyrhynchos_dom.,,,,
Domestic duck,Domestic duck (Anas platyrhynchos dom.),domestic_duck,Anas platyrhynchos dom.,anas_platyrhynchos_dom.,6,square,38,Karna,JE-91,G-I,3,2.5,,PFU,,,,,,,KM,bird,actually anas_platyrhynchos_dom.,,,,
Domestic duck,Domestic duck (Anas platyrhynchos dom.),domestic_duck,Anas platyrhynchos dom.,anas_platyrhynchos_dom.,6,square,38,Karna,JE-91,G-I,4,0,,PFU,,,,,,,KM,bird,actually anas_platyrhynchos_dom.,,,,
Domestic duck,Domestic duck (Anas platyrhynchos dom.),domestic_duck,Anas platyrhynchos dom.,anas_platyrhynchos_dom.,6,square,38,Karna,JE-91,G-I,5,0,,PFU,,,,,,,KM,bird,actually anas_platyrhynchos_dom.,,,,
Domestic duck,Domestic duck (Anas platyrhynchos dom.),domestic_duck,Anas platyrhynchos dom.,anas_platyrhynchos_dom.,6,upside down triangle ,39,Karna,JE-91,G-I,0,0,,PFU,,,,,,,KM,bird,actually anas_platyrhynchos_dom.,,,,
Domestic duck,Domestic duck (Anas platyrhynchos dom.),domestic_duck,Anas platyrhynchos dom.,anas_platyrhynchos_dom.,6,upside down triangle ,39,Karna,JE-91,G-I,1,3.9,,PFU,,,,,,,KM,bird,actually anas_platyrhynchos_dom.,,,,
Domestic duck,Domestic duck (Anas platyrhynchos dom.),domestic_duck,Anas platyrhynchos dom.,anas_platyrhynchos_dom.,6,upside down triangle ,39,Karna,JE-91,G-I,2,4.3,,PFU,,,,,,,KM,bird,actually anas_platyrhynchos_dom.,,,,
Domestic duck,Domestic duck (Anas platyrhynchos dom.),domestic_duck,Anas platyrhynchos dom.,anas_platyrhynchos_dom.,6,upside down triangle ,39,Karna,JE-91,G-I,3,0,,PFU,,,,,,,KM,bird,actually anas_platyrhynchos_dom.,,,,
Domestic duck,Domestic duck (Anas platyrhynchos dom.),domestic_duck,Anas platyrhynchos dom.,anas_platyrhynchos_dom.,6,upside down triangle ,39,Karna,JE-91,G-I,4,0,,PFU,,,,,,,KM,bird,actually anas_platyrhynchos_dom.,,,,
Domestic duck,Domestic duck (Anas platyrhynchos dom.),domestic_duck,Anas platyrhynchos dom.,anas_platyrhynchos_dom.,6,upside down triangle ,39,Karna,JE-91,G-I,5,0,,PFU,,,,,,,KM,bird,actually anas_platyrhynchos_dom.,,,,
Domestic duck,Domestic duck (Anas platyrhynchos dom.),domestic_duck,Anas platyrhynchos dom.,anas_platyrhynchos_dom.,6,right side up triangle,40,Karna,JE-91,G-I,0,0,,PFU,,,,,,,KM,bird,actually anas_platyrhynchos_dom.,,,,
Domestic duck,Domestic duck (Anas platyrhynchos dom.),domestic_duck,Anas platyrhynchos dom.,anas_platyrhynchos_dom.,6,right side up triangle,40,Karna,JE-91,G-I,1,3.3,,PFU,,,,,,,KM,bird,actually anas_platyrhynchos_dom.,,,,
Domestic duck,Domestic duck (Anas platyrhynchos dom.),domestic_duck,Anas platyrhynchos dom.,anas_platyrhynchos_dom.,6,right side up triangle,40,Karna,JE-91,G-I,2,4.3,,PFU,,,,,,,KM,bird,actually anas_platyrhynchos_dom.,,,,
Domestic duck,Domestic duck (Anas platyrhynchos dom.),domestic_duck,Anas platyrhynchos dom.,anas_platyrhynchos_dom.,6,right side up triangle,40,Karna,JE-91,G-I,3,2.2,,PFU,,,,,,,KM,bird,actually anas_platyrhynchos_dom.,,,,
Domestic duck,Domestic duck (Anas platyrhynchos dom.),domestic_duck,Anas platyrhynchos dom.,anas_platyrhynchos_dom.,6,right side up triangle,40,Karna,JE-91,G-I,4,0,,PFU,,,,,,,KM,bird,actually anas_platyrhynchos_dom.,,,,
Domestic duck,Domestic duck (Anas platyrhynchos dom.),domestic_duck,Anas platyrhynchos dom.,anas_platyrhynchos_dom.,6,right side up triangle,40,Karna,JE-91,G-I,5,0,,PFU,,,,,,,KM,bird,actually anas_platyrhynchos_dom.,,,,
Domestic duck,Domestic duck (Anas platyrhynchos dom.),domestic_duck,Anas platyrhynchos dom.,anas_platyrhynchos_dom.,6,circle,41,Karna,JE-91,G-I,0,0,,PFU,,,,,,,KM,bird,actually anas_platyrhynchos_dom.,,,,
Domestic duck,Domestic duck (Anas platyrhynchos dom.),domestic_duck,Anas platyrhynchos dom.,anas_platyrhynchos_dom.,6,circle,41,Karna,JE-91,G-I,1,3.5,,PFU,,,,,,,KM,bird,actually anas_platyrhynchos_dom.,,,,
Domestic duck,Domestic duck (Anas platyrhynchos dom.),domestic_duck,Anas platyrhynchos dom.,anas_platyrhynchos_dom.,6,circle,41,Karna,JE-91,G-I,2,3.8,,PFU,,,,,,,KM,bird,actually anas_platyrhynchos_dom.,,,,
Domestic duck,Domestic duck (Anas platyrhynchos dom.),domestic_duck,Anas platyrhynchos dom.,anas_platyrhynchos_dom.,6,circle,41,Karna,JE-91,G-I,3,0,,PFU,,,,,,,KM,bird,actually anas_platyrhynchos_dom.,,,,
Domestic duck,Domestic duck (Anas platyrhynchos dom.),domestic_duck,Anas platyrhynchos dom.,anas_platyrhynchos_dom.,6,circle,41,Karna,JE-91,G-I,4,0,,PFU,,,,,,,KM,bird,actually anas_platyrhynchos_dom.,,,,
Domestic duck,Domestic duck (Anas platyrhynchos dom.),domestic_duck,Anas platyrhynchos dom.,anas_platyrhynchos_dom.,6,circle,41,Karna,JE-91,G-I,5,0,,PFU,,,,,,,KM,bird,actually anas_platyrhynchos_dom.,,,,
Domestic duck,Domestic duck (Anas platyrhynchos dom.),domestic_duck,Anas platyrhynchos dom.,anas_platyrhynchos_dom.,6,diamond,42,Karna,JE-91,G-I,0,0,,PFU,,,,,,,KM,bird,actually anas_platyrhynchos_dom.,,,,
Domestic duck,Domestic duck (Anas platyrhynchos dom.),domestic_duck,Anas platyrhynchos dom.,anas_platyrhynchos_dom.,6,diamond,42,Karna,JE-91,G-I,1,3.8,,PFU,,,,,,,KM,bird,actually anas_platyrhynchos_dom.,,,,
Domestic duck,Domestic duck (Anas platyrhynchos dom.),domestic_duck,Anas platyrhynchos dom.,anas_platyrhynchos_dom.,6,diamond,42,Karna,JE-91,G-I,2,4.3,,PFU,,,,,,,KM,bird,actually anas_platyrhynchos_dom.,,,,
Domestic duck,Domestic duck (Anas platyrhynchos dom.),domestic_duck,Anas platyrhynchos dom.,anas_platyrhynchos_dom.,6,diamond,42,Karna,JE-91,G-I,3,0,,PFU,,,,,,,KM,bird,actually anas_platyrhynchos_dom.,,,,
Domestic duck,Domestic duck (Anas platyrhynchos dom.),domestic_duck,Anas platyrhynchos dom.,anas_platyrhynchos_dom.,6,diamond,42,Karna,JE-91,G-I,4,0,,PFU,,,,,,,KM,bird,actually anas_platyrhynchos_dom.,,,,
Domestic duck,Domestic duck (Anas platyrhynchos dom.),domestic_duck,Anas platyrhynchos dom.,anas_platyrhynchos_dom.,6,diamond,42,Karna,JE-91,G-I,5,0,,PFU,,,,,,,KM,bird,actually anas_platyrhynchos_dom.,,,,
Domestic duck,Domestic duck (Anas platyrhynchos dom.),domestic_duck,Anas platyrhynchos dom.,anas_platyrhynchos_dom.,6,square,43,Karna,CH392,G-III,0,0,,PFU,,,,,,,KM,bird,actually anas_platyrhynchos_dom.,,,,
Domestic duck,Domestic duck (Anas platyrhynchos dom.),domestic_duck,Anas platyrhynchos dom.,anas_platyrhynchos_dom.,6,square,43,Karna,CH392,G-III,1,3.4,,PFU,,,,,,,KM,bird,actually anas_platyrhynchos_dom.,,,,
Domestic duck,Domestic duck (Anas platyrhynchos dom.),domestic_duck,Anas platyrhynchos dom.,anas_platyrhynchos_dom.,6,square,43,Karna,CH392,G-III,2,4.4,,PFU,,,,,,,KM,bird,actually anas_platyrhynchos_dom.,,,,
Domestic duck,Domestic duck (Anas platyrhynchos dom.),domestic_duck,Anas platyrhynchos dom.,anas_platyrhynchos_dom.,6,square,43,Karna,CH392,G-III,3,0,,PFU,,,,,,,KM,bird,actually anas_platyrhynchos_dom.,,,,
Domestic duck,Domestic duck (Anas platyrhynchos dom.),domestic_duck,Anas platyrhynchos dom.,anas_platyrhynchos_dom.,6,square,43,Karna,CH392,G-III,4,0,,PFU,,,,,,,KM,bird,actually anas_platyrhynchos_dom.,,,,
Domestic duck,Domestic duck (Anas platyrhynchos dom.),domestic_duck,Anas platyrhynchos dom.,anas_platyrhynchos_dom.,6,square,43,Karna,CH392,G-III,5,0,,PFU,,,,,,,KM,bird,actually anas_platyrhynchos_dom.,,,,
Domestic duck,Domestic duck (Anas platyrhynchos dom.),domestic_duck,Anas platyrhynchos dom.,anas_platyrhynchos_dom.,6,right side up triangle,44,Karna,CH392,G-III,0,0,,PFU,,,,,,,KM,bird,actually anas_platyrhynchos_dom.,,,,
Domestic duck,Domestic duck (Anas platyrhynchos dom.),domestic_duck,Anas platyrhynchos dom.,anas_platyrhynchos_dom.,6,right side up triangle,44,Karna,CH392,G-III,1,3.1,,PFU,,,,,,,KM,bird,actually anas_platyrhynchos_dom.,,,,
Domestic duck,Domestic duck (Anas platyrhynchos dom.),domestic_duck,Anas platyrhynchos dom.,anas_platyrhynchos_dom.,6,right side up triangle,44,Karna,CH392,G-III,2,4.4,,PFU,,,,,,,KM,bird,actually anas_platyrhynchos_dom.,,,,
Domestic duck,Domestic duck (Anas platyrhynchos dom.),domestic_duck,Anas platyrhynchos dom.,anas_platyrhynchos_dom.,6,right side up triangle,44,Karna,CH392,G-III,3,3.3,,PFU,,,,,,,KM,bird,actually anas_platyrhynchos_dom.,,,,
Domestic duck,Domestic duck (Anas platyrhynchos dom.),domestic_duck,Anas platyrhynchos dom.,anas_platyrhynchos_dom.,6,right side up triangle,44,Karna,CH392,G-III,4,0,,PFU,,,,,,,KM,bird,actually anas_platyrhynchos_dom.,,,,
Domestic duck,Domestic duck (Anas platyrhynchos dom.),domestic_duck,Anas platyrhynchos dom.,anas_platyrhynchos_dom.,6,right side up triangle,44,Karna,CH392,G-III,5,0,,PFU,,,,,,,KM,bird,actually anas_platyrhynchos_dom.,,,,
Domestic duck,Domestic duck (Anas platyrhynchos dom.),domestic_duck,Anas platyrhynchos dom.,anas_platyrhynchos_dom.,6,diamond,45,Karna,CH392,G-III,0,0,,PFU,,,,,,,KM,bird,actually anas_platyrhynchos_dom.,,,,
Domestic duck,Domestic duck (Anas platyrhynchos dom.),domestic_duck,Anas platyrhynchos dom.,anas_platyrhynchos_dom.,6,diamond,45,Karna,CH392,G-III,1,3.7,,PFU,,,,,,,KM,bird,actually anas_platyrhynchos_dom.,,,,
Domestic duck,Domestic duck (Anas platyrhynchos dom.),domestic_duck,Anas platyrhynchos dom.,anas_platyrhynchos_dom.,6,diamond,45,Karna,CH392,G-III,2,4,,PFU,,,,,,,KM,bird,actually anas_platyrhynchos_dom.,,,,
Domestic duck,Domestic duck (Anas platyrhynchos dom.),domestic_duck,Anas platyrhynchos dom.,anas_platyrhynchos_dom.,6,diamond,45,Karna,CH392,G-III,3,2,,PFU,,,,,,,KM,bird,actually anas_platyrhynchos_dom.,,,,
Domestic duck,Domestic duck (Anas platyrhynchos dom.),domestic_duck,Anas platyrhynchos dom.,anas_platyrhynchos_dom.,6,diamond,45,Karna,CH392,G-III,4,0,,PFU,,,,,,,KM,bird,actually anas_platyrhynchos_dom.,,,,
Domestic duck,Domestic duck (Anas platyrhynchos dom.),domestic_duck,Anas platyrhynchos dom.,anas_platyrhynchos_dom.,6,diamond,45,Karna,CH392,G-III,5,0,,PFU,,,,,,,KM,bird,actually anas_platyrhynchos_dom.,,,,
Domestic duck,Domestic duck (Anas platyrhynchos dom.),domestic_duck,Anas platyrhynchos dom.,anas_platyrhynchos_dom.,6,square,46,Karna,JKT27-087,G-III,0,0,,PFU,,,,,,,KM,bird,actually anas_platyrhynchos_dom.,,,,
Domestic duck,Domestic duck (Anas platyrhynchos dom.),domestic_duck,Anas platyrhynchos dom.,anas_platyrhynchos_dom.,6,square,46,Karna,JKT27-087,G-III,1,2.6,,PFU,,,,,,,KM,bird,actually anas_platyrhynchos_dom.,,,,
Domestic duck,Domestic duck (Anas platyrhynchos dom.),domestic_duck,Anas platyrhynchos dom.,anas_platyrhynchos_dom.,6,square,46,Karna,JKT27-087,G-III,2,3.9,,PFU,,,,,,,KM,bird,actually anas_platyrhynchos_dom.,,,,
Domestic duck,Domestic duck (Anas platyrhynchos dom.),domestic_duck,Anas platyrhynchos dom.,anas_platyrhynchos_dom.,6,square,46,Karna,JKT27-087,G-III,3,2,,PFU,,,,,,,KM,bird,actually anas_platyrhynchos_dom.,,,,
Domestic duck,Domestic duck (Anas platyrhynchos dom.),domestic_duck,Anas platyrhynchos dom.,anas_platyrhynchos_dom.,6,square,46,Karna,JKT27-087,G-III,4,0,,PFU,,,,,,,KM,bird,actually anas_platyrhynchos_dom.,,,,
Domestic duck,Domestic duck (Anas platyrhynchos dom.),domestic_duck,Anas platyrhynchos dom.,anas_platyrhynchos_dom.,6,square,46,Karna,JKT27-087,G-III,5,0,,PFU,,,,,,,KM,bird,actually anas_platyrhynchos_dom.,,,,
Domestic duck,Domestic duck (Anas platyrhynchos dom.),domestic_duck,Anas platyrhynchos dom.,anas_platyrhynchos_dom.,6,upside down triangle ,47,Karna,JKT27-087,G-III,0,0,,PFU,,,,,,,KM,bird,actually anas_platyrhynchos_dom.,,,,
Domestic duck,Domestic duck (Anas platyrhynchos dom.),domestic_duck,Anas platyrhynchos dom.,anas_platyrhynchos_dom.,6,upside down triangle ,47,Karna,JKT27-087,G-III,1,2.8,,PFU,,,,,,,KM,bird,actually anas_platyrhynchos_dom.,,,,
Domestic duck,Domestic duck (Anas platyrhynchos dom.),domestic_duck,Anas platyrhynchos dom.,anas_platyrhynchos_dom.,6,upside down triangle ,47,Karna,JKT27-087,G-III,2,5.2,,PFU,,,,,,,KM,bird,actually anas_platyrhynchos_dom.,,,,
Domestic duck,Domestic duck (Anas platyrhynchos dom.),domestic_duck,Anas platyrhynchos dom.,anas_platyrhynchos_dom.,6,upside down triangle ,47,Karna,JKT27-087,G-III,3,2,,PFU,,,,,,,KM,bird,actually anas_platyrhynchos_dom.,,,,
Domestic duck,Domestic duck (Anas platyrhynchos dom.),domestic_duck,Anas platyrhynchos dom.,anas_platyrhynchos_dom.,6,upside down triangle ,47,Karna,JKT27-087,G-III,4,0,,PFU,,,,,,,KM,bird,actually anas_platyrhynchos_dom.,,,,
Domestic duck,Domestic duck (Anas platyrhynchos dom.),domestic_duck,Anas platyrhynchos dom.,anas_platyrhynchos_dom.,6,upside down triangle ,47,Karna,JKT27-087,G-III,5,0,,PFU,,,,,,,KM,bird,actually anas_platyrhynchos_dom.,,,,
Domestic duck,Domestic duck (Anas platyrhynchos dom.),domestic_duck,Anas platyrhynchos dom.,anas_platyrhynchos_dom.,6,right side up triangle,48,Karna,JKT27-087,G-III,0,0,,PFU,,,,,,,KM,bird,actually anas_platyrhynchos_dom.,,,,
Domestic duck,Domestic duck (Anas platyrhynchos dom.),domestic_duck,Anas platyrhynchos dom.,anas_platyrhynchos_dom.,6,right side up triangle,48,Karna,JKT27-087,G-III,1,3.1,,PFU,,,,,,,KM,bird,actually anas_platyrhynchos_dom.,,,,
Domestic duck,Domestic duck (Anas platyrhynchos dom.),domestic_duck,Anas platyrhynchos dom.,anas_platyrhynchos_dom.,6,right side up triangle,48,Karna,JKT27-087,G-III,2,4.5,,PFU,,,,,,,KM,bird,actually anas_platyrhynchos_dom.,,,,
Domestic duck,Domestic duck (Anas platyrhynchos dom.),domestic_duck,Anas platyrhynchos dom.,anas_platyrhynchos_dom.,6,right side up triangle,48,Karna,JKT27-087,G-III,3,3.5,,PFU,,,,,,,KM,bird,actually anas_platyrhynchos_dom.,,,,
Domestic duck,Domestic duck (Anas platyrhynchos dom.),domestic_duck,Anas platyrhynchos dom.,anas_platyrhynchos_dom.,6,right side up triangle,48,Karna,JKT27-087,G-III,4,0,,PFU,,,,,,,KM,bird,actually anas_platyrhynchos_dom.,,,,
Domestic duck,Domestic duck (Anas platyrhynchos dom.),domestic_duck,Anas platyrhynchos dom.,anas_platyrhynchos_dom.,6,right side up triangle,48,Karna,JKT27-087,G-III,5,0,,PFU,,,,,,,KM,bird,actually anas_platyrhynchos_dom.,,,,
Domestic duck,Domestic duck (Anas platyrhynchos dom.),domestic_duck,Anas platyrhynchos dom.,anas_platyrhynchos_dom.,6,circle,49,Karna,JKT27-087,G-III,0,0,,PFU,,,,,,,KM,bird,actually anas_platyrhynchos_dom.,,,,
Domestic duck,Domestic duck (Anas platyrhynchos dom.),domestic_duck,Anas platyrhynchos dom.,anas_platyrhynchos_dom.,6,circle,49,Karna,JKT27-087,G-III,1,0,,PFU,,,,,,,KM,bird,actually anas_platyrhynchos_dom.,,,,
Domestic duck,Domestic duck (Anas platyrhynchos dom.),domestic_duck,Anas platyrhynchos dom.,anas_platyrhynchos_dom.,6,circle,49,Karna,JKT27-087,G-III,2,3.6,,PFU,,,,,,,KM,bird,actually anas_platyrhynchos_dom.,,,,
Domestic duck,Domestic duck (Anas platyrhynchos dom.),domestic_duck,Anas platyrhynchos dom.,anas_platyrhynchos_dom.,6,circle,49,Karna,JKT27-087,G-III,3,2,,PFU,,,,,,,KM,bird,actually anas_platyrhynchos_dom.,,,,
Domestic duck,Domestic duck (Anas platyrhynchos dom.),domestic_duck,Anas platyrhynchos dom.,anas_platyrhynchos_dom.,6,circle,49,Karna,JKT27-087,G-III,4,0,,PFU,,,,,,,KM,bird,actually anas_platyrhynchos_dom.,,,,
Domestic duck,Domestic duck (Anas platyrhynchos dom.),domestic_duck,Anas platyrhynchos dom.,anas_platyrhynchos_dom.,6,circle,49,Karna,JKT27-087,G-III,5,0,,PFU,,,,,,,KM,bird,actually anas_platyrhynchos_dom.,,,,
Domestic duck,Domestic duck (Anas platyrhynchos dom.),domestic_duck,Anas platyrhynchos dom.,anas_platyrhynchos_dom.,6,diamond,50,Karna,JKT27-087,G-III,0,0,,PFU,,,,,,,KM,bird,actually anas_platyrhynchos_dom.,,,,
Domestic duck,Domestic duck (Anas platyrhynchos dom.),domestic_duck,Anas platyrhynchos dom.,anas_platyrhynchos_dom.,6,diamond,50,Karna,JKT27-087,G-III,1,2,,PFU,,,,,,,KM,bird,actually anas_platyrhynchos_dom.,,,,
Domestic duck,Domestic duck (Anas platyrhynchos dom.),domestic_duck,Anas platyrhynchos dom.,anas_platyrhynchos_dom.,6,diamond,50,Karna,JKT27-087,G-III,2,3.6,,PFU,,,,,,,KM,bird,actually anas_platyrhynchos_dom.,,,,
Domestic duck,Domestic duck (Anas platyrhynchos dom.),domestic_duck,Anas platyrhynchos dom.,anas_platyrhynchos_dom.,6,diamond,50,Karna,JKT27-087,G-III,3,0,,PFU,,,,,,,KM,bird,actually anas_platyrhynchos_dom.,,,,
Domestic duck,Domestic duck (Anas platyrhynchos dom.),domestic_duck,Anas platyrhynchos dom.,anas_platyrhynchos_dom.,6,diamond,50,Karna,JKT27-087,G-III,4,0,,PFU,,,,,,,KM,bird,actually anas_platyrhynchos_dom.,,,,
Domestic duck,Domestic duck (Anas platyrhynchos dom.),domestic_duck,Anas platyrhynchos dom.,anas_platyrhynchos_dom.,6,diamond,50,Karna,JKT27-087,G-III,5,0,,PFU,,,,,,,KM,bird,actually anas_platyrhynchos_dom.,,,,
Domestic duck,Domestic duck (Anas platyrhynchos dom.),domestic_duck,Anas platyrhynchos dom.,anas_platyrhynchos_dom.,6,square,51,Karna,Sagiyama,G-III,0,0,,PFU,,,,,,,KM,bird,actually anas_platyrhynchos_dom.,,,,
Domestic duck,Domestic duck (Anas platyrhynchos dom.),domestic_duck,Anas platyrhynchos dom.,anas_platyrhynchos_dom.,6,square,51,Karna,Sagiyama,G-III,1,4.1,,PFU,,,,,,,KM,bird,actually anas_platyrhynchos_dom.,,,,
Domestic duck,Domestic duck (Anas platyrhynchos dom.),domestic_duck,Anas platyrhynchos dom.,anas_platyrhynchos_dom.,6,square,51,Karna,Sagiyama,G-III,2,3.8,,PFU,,,,,,,KM,bird,actually anas_platyrhynchos_dom.,,,,
Domestic duck,Domestic duck (Anas platyrhynchos dom.),domestic_duck,Anas platyrhynchos dom.,anas_platyrhynchos_dom.,6,square,51,Karna,Sagiyama,G-III,3,0,,PFU,,,,,,,KM,bird,actually anas_platyrhynchos_dom.,,,,
Domestic duck,Domestic duck (Anas platyrhynchos dom.),domestic_duck,Anas platyrhynchos dom.,anas_platyrhynchos_dom.,6,square,51,Karna,Sagiyama,G-III,4,0,,PFU,,,,,,,KM,bird,actually anas_platyrhynchos_dom.,,,,
Domestic duck,Domestic duck (Anas platyrhynchos dom.),domestic_duck,Anas platyrhynchos dom.,anas_platyrhynchos_dom.,6,square,51,Karna,Sagiyama,G-III,5,0,,PFU,,,,,,,KM,bird,actually anas_platyrhynchos_dom.,,,,
Domestic duck,Domestic duck (Anas platyrhynchos dom.),domestic_duck,Anas platyrhynchos dom.,anas_platyrhynchos_dom.,6,upside down triangle ,52,Karna,Sagiyama,G-III,0,0,,PFU,,,,,,,KM,bird,actually anas_platyrhynchos_dom.,,,,
Domestic duck,Domestic duck (Anas platyrhynchos dom.),domestic_duck,Anas platyrhynchos dom.,anas_platyrhynchos_dom.,6,upside down triangle ,52,Karna,Sagiyama,G-III,1,3.6,,PFU,,,,,,,KM,bird,actually anas_platyrhynchos_dom.,,,,
Domestic duck,Domestic duck (Anas platyrhynchos dom.),domestic_duck,Anas platyrhynchos dom.,anas_platyrhynchos_dom.,6,upside down triangle ,52,Karna,Sagiyama,G-III,2,4,,PFU,,,,,,,KM,bird,actually anas_platyrhynchos_dom.,,,,
Domestic duck,Domestic duck (Anas platyrhynchos dom.),domestic_duck,Anas platyrhynchos dom.,anas_platyrhynchos_dom.,6,upside down triangle ,52,Karna,Sagiyama,G-III,3,0,,PFU,,,,,,,KM,bird,actually anas_platyrhynchos_dom.,,,,
Domestic duck,Domestic duck (Anas platyrhynchos dom.),domestic_duck,Anas platyrhynchos dom.,anas_platyrhynchos_dom.,6,upside down triangle ,52,Karna,Sagiyama,G-III,4,0,,PFU,,,,,,,KM,bird,actually anas_platyrhynchos_dom.,,,,
Domestic duck,Domestic duck (Anas platyrhynchos dom.),domestic_duck,Anas platyrhynchos dom.,anas_platyrhynchos_dom.,6,upside down triangle ,52,Karna,Sagiyama,G-III,5,0,,PFU,,,,,,,KM,bird,actually anas_platyrhynchos_dom.,,,,
Domestic duck,Domestic duck (Anas platyrhynchos dom.),domestic_duck,Anas platyrhynchos dom.,anas_platyrhynchos_dom.,6,right side up triangle,53,Karna,Sagiyama,G-III,0,0,,PFU,,,,,,,KM,bird,actually anas_platyrhynchos_dom.,,,,
Domestic duck,Domestic duck (Anas platyrhynchos dom.),domestic_duck,Anas platyrhynchos dom.,anas_platyrhynchos_dom.,6,right side up triangle,53,Karna,Sagiyama,G-III,1,2.8,,PFU,,,,,,,KM,bird,actually anas_platyrhynchos_dom.,,,,
Domestic duck,Domestic duck (Anas platyrhynchos dom.),domestic_duck,Anas platyrhynchos dom.,anas_platyrhynchos_dom.,6,right side up triangle,53,Karna,Sagiyama,G-III,2,3.8,,PFU,,,,,,,KM,bird,actually anas_platyrhynchos_dom.,,,,
Domestic duck,Domestic duck (Anas platyrhynchos dom.),domestic_duck,Anas platyrhynchos dom.,anas_platyrhynchos_dom.,6,right side up triangle,53,Karna,Sagiyama,G-III,3,2.2,,PFU,,,,,,,KM,bird,actually anas_platyrhynchos_dom.,,,,
Domestic duck,Domestic duck (Anas platyrhynchos dom.),domestic_duck,Anas platyrhynchos dom.,anas_platyrhynchos_dom.,6,right side up triangle,53,Karna,Sagiyama,G-III,4,0,,PFU,,,,,,,KM,bird,actually anas_platyrhynchos_dom.,,,,
Domestic duck,Domestic duck (Anas platyrhynchos dom.),domestic_duck,Anas platyrhynchos dom.,anas_platyrhynchos_dom.,6,right side up triangle,53,Karna,Sagiyama,G-III,5,0,,PFU,,,,,,,KM,bird,actually anas_platyrhynchos_dom.,,,,
Domestic duck,Domestic duck (Anas platyrhynchos dom.),domestic_duck,Anas platyrhynchos dom.,anas_platyrhynchos_dom.,6,diamond,54,Karna,Sagiyama,G-III,0,0,,PFU,,,,,,,KM,bird,actually anas_platyrhynchos_dom.,,,,
Domestic duck,Domestic duck (Anas platyrhynchos dom.),domestic_duck,Anas platyrhynchos dom.,anas_platyrhynchos_dom.,6,diamond,54,Karna,Sagiyama,G-III,1,4.2,,PFU,,,,,,,KM,bird,actually anas_platyrhynchos_dom.,,,,
Domestic duck,Domestic duck (Anas platyrhynchos dom.),domestic_duck,Anas platyrhynchos dom.,anas_platyrhynchos_dom.,6,diamond,54,Karna,Sagiyama,G-III,2,3.8,,PFU,,,,,,,KM,bird,actually anas_platyrhynchos_dom.,,,,
Domestic duck,Domestic duck (Anas platyrhynchos dom.),domestic_duck,Anas platyrhynchos dom.,anas_platyrhynchos_dom.,6,diamond,54,Karna,Sagiyama,G-III,3,2,,PFU,,,,,,,KM,bird,actually anas_platyrhynchos_dom.,,,,
Domestic duck,Domestic duck (Anas platyrhynchos dom.),domestic_duck,Anas platyrhynchos dom.,anas_platyrhynchos_dom.,6,diamond,54,Karna,Sagiyama,G-III,4,0,,PFU,,,,,,,KM,bird,actually anas_platyrhynchos_dom.,,,,
Domestic duck,Domestic duck (Anas platyrhynchos dom.),domestic_duck,Anas platyrhynchos dom.,anas_platyrhynchos_dom.,6,diamond,54,Karna,Sagiyama,G-III,5,0,,PFU,,,,,,,KM,bird,actually anas_platyrhynchos_dom.,,,,
Domestic duck,Domestic duck (Anas platyrhynchos dom.),domestic_duck,Anas platyrhynchos dom.,anas_platyrhynchos_dom.,6,,117,Karna,,,,0,0,PFU,0,0,3,,,1,KM,,"This is to account for the three ducks that were not viraemic. I can't put 3 and 0 because the R code doesn't like zeros, so this is a good solution for now. ",,,,
Pig,Pig (Sus scrofa),pig,Sus scrofa,sus_scrofa,,square,55,Ricklin,Nakayama,G-III,0,0,,TCID50,,,,,,,KM,pig,,,,,
Pig,Pig (Sus scrofa),pig,Sus scrofa,sus_scrofa,,square,55,Ricklin,Nakayama,G-III,1,5.1,,TCID50,,,,,,,KM,pig,,,,,
Pig,Pig (Sus scrofa),pig,Sus scrofa,sus_scrofa,,square,55,Ricklin,Nakayama,G-III,2,2.9,,TCID50,,,,,,,KM,pig,,,,,
Pig,Pig (Sus scrofa),pig,Sus scrofa,sus_scrofa,,square,55,Ricklin,Nakayama,G-III,3,0.7,,TCID50,,,,,,,KM,pig,,"This has a strange y-axis, take a look. Not sure what 10^0.4 means in terms of viraemia. ",,,
Pig,Pig (Sus scrofa),pig,Sus scrofa,sus_scrofa,,square,55,Ricklin,Nakayama,G-III,4,0,,TCID50,,,,,,,KM,pig,,,,,
Pig,Pig (Sus scrofa),pig,Sus scrofa,sus_scrofa,,square,55,Ricklin,Nakayama,G-III,5,0,,TCID50,,,,,,,KM,pig,,,,,
Pig,Pig (Sus scrofa),pig,Sus scrofa,sus_scrofa,,square,55,Ricklin,Nakayama,G-III,6,0,,TCID50,,,,,,,KM,pig,,,,,
Pig,Pig (Sus scrofa),pig,Sus scrofa,sus_scrofa,,circle ,56,Ricklin,Nakayama,G-III,0,0,,TCID50,,,,,,,KM,pig,,,,,
Pig,Pig (Sus scrofa),pig,Sus scrofa,sus_scrofa,,circle ,56,Ricklin,Nakayama,G-III,1,4.3,,TCID50,,,,,,,KM,pig,,,,,
Pig,Pig (Sus scrofa),pig,Sus scrofa,sus_scrofa,,circle ,56,Ricklin,Nakayama,G-III,2,0.7,,TCID50,,,,,,,KM,pig,,,,,
Pig,Pig (Sus scrofa),pig,Sus scrofa,sus_scrofa,,circle ,56,Ricklin,Nakayama,G-III,3,0.7,,TCID50,,,,,,,KM,pig,,,,,
Pig,Pig (Sus scrofa),pig,Sus scrofa,sus_scrofa,,circle ,56,Ricklin,Nakayama,G-III,4,0,,TCID50,,,,,,,KM,pig,,,,,
Pig,Pig (Sus scrofa),pig,Sus scrofa,sus_scrofa,,circle ,56,Ricklin,Nakayama,G-III,5,0,,TCID50,,,,,,,KM,pig,,,,,
Pig,Pig (Sus scrofa),pig,Sus scrofa,sus_scrofa,,circle ,56,Ricklin,Nakayama,G-III,6,0,,TCID50,,,,,,,KM,pig,,,,,
Pig,Pig (Sus scrofa),pig,Sus scrofa,sus_scrofa,,triangle,57,Ricklin,Nakayama,G-III,0,0,,TCID50,,,,,,,KM,pig,,,,,
Pig,Pig (Sus scrofa),pig,Sus scrofa,sus_scrofa,,triangle,57,Ricklin,Nakayama,G-III,1,3.9,,TCID50,,,,,,,KM,pig,,,,,
Pig,Pig (Sus scrofa),pig,Sus scrofa,sus_scrofa,,triangle,57,Ricklin,Nakayama,G-III,2,0.7,,TCID50,,,,,,,KM,pig,,,,,
Pig,Pig (Sus scrofa),pig,Sus scrofa,sus_scrofa,,triangle,57,Ricklin,Nakayama,G-III,3,0.7,,TCID50,,,,,,,KM,pig,,,,,
Pig,Pig (Sus scrofa),pig,Sus scrofa,sus_scrofa,,triangle,57,Ricklin,Nakayama,G-III,4,0.7,,TCID50,,,,,,,KM,pig,,,,,
Pig,Pig (Sus scrofa),pig,Sus scrofa,sus_scrofa,,triangle,57,Ricklin,Nakayama,G-III,5,0,,TCID50,,,,,,,KM,pig,,,,,
Pig,Pig (Sus scrofa),pig,Sus scrofa,sus_scrofa,,triangle,57,Ricklin,Nakayama,G-III,6,0,,TCID50,,,,,,,KM,pig,,,,,
Dog,Dog (Canis lupus familiaris),dog,Canis lupus familiaris ,canis_lupus_familiaris,,1,58,Johnsen,Nakayama,G-III,0,0,,PFU,,,,,,,KM,other,,,,,
Dog,Dog (Canis lupus familiaris),dog,Canis lupus familiaris ,canis_lupus_familiaris,,1,58,Johnsen,Nakayama,G-III,1,0,,PFU,,,,,,,KM,other,,,,,
Dog,Dog (Canis lupus familiaris),dog,Canis lupus familiaris ,canis_lupus_familiaris,,1,58,Johnsen,Nakayama,G-III,2,0.5,,PFU,,,,,,,KM,other,,,,,
Dog,Dog (Canis lupus familiaris),dog,Canis lupus familiaris ,canis_lupus_familiaris,,1,58,Johnsen,Nakayama,G-III,3,0,,PFU,,,,,,,KM,other,,,,,
Dog,Dog (Canis lupus familiaris),dog,Canis lupus familiaris ,canis_lupus_familiaris,,1,58,Johnsen,Nakayama,G-III,4,0,,PFU,,,,,,,KM,other,,,,,
Dog,Dog (Canis lupus familiaris),dog,Canis lupus familiaris ,canis_lupus_familiaris,,1,58,Johnsen,Nakayama,G-III,5,0,,PFU,,,,,,,KM,other,,,,,
Dog,Dog (Canis lupus familiaris),dog,Canis lupus familiaris ,canis_lupus_familiaris,,1,58,Johnsen,Nakayama,G-III,6,0,,PFU,,,,,,,KM,other,,,,,
Dog,Dog (Canis lupus familiaris),dog,Canis lupus familiaris ,canis_lupus_familiaris,,1,58,Johnsen,Nakayama,G-III,7,0,,PFU,,,,,,,KM,other,,,,,
Dog,Dog (Canis lupus familiaris),dog,Canis lupus familiaris ,canis_lupus_familiaris,,1,118,Johnsen,Nakayama,G-III,,0,0,PFU,0,0,2,,,1,KM,,To account for two non-viraemic dogs,,,,
Pig,Pig (Sus scrofa),pig,Sus scrofa,sus_scrofa,,1,59,Johnsen,Nakayama,G-III,0,0,,PFU,,,,,,,KM,pig,,,,,
Pig,Pig (Sus scrofa),pig,Sus scrofa,sus_scrofa,,1,59,Johnsen,Nakayama,G-III,1,0,,PFU,,,,,,,KM,pig,,,,,
Pig,Pig (Sus scrofa),pig,Sus scrofa,sus_scrofa,,1,59,Johnsen,Nakayama,G-III,2,2,,PFU,,,,,,,KM,pig,,Suspicious that viraemia was at approx 100 for the entirety of viraemia,,,
Pig,Pig (Sus scrofa),pig,Sus scrofa,sus_scrofa,,1,59,Johnsen,Nakayama,G-III,3,2,,PFU,,,,,,,KM,pig,,Suspicious that viraemia was at approx 100 for the entirety of viraemia,,,
Pig,Pig (Sus scrofa),pig,Sus scrofa,sus_scrofa,,1,59,Johnsen,Nakayama,G-III,4,0,,PFU,,,,,,,KM,pig,,,,,
Pig,Pig (Sus scrofa),pig,Sus scrofa,sus_scrofa,,1,59,Johnsen,Nakayama,G-III,5,0,,PFU,,,,,,,KM,pig,,,,,
Pig,Pig (Sus scrofa),pig,Sus scrofa,sus_scrofa,,1,59,Johnsen,Nakayama,G-III,6,0,,PFU,,,,,,,KM,pig,,,,,
Pig,Pig (Sus scrofa),pig,Sus scrofa,sus_scrofa,,1,59,Johnsen,Nakayama,G-III,7,0,,PFU,,,,,,,KM,pig,,,,,
Pig,Pig (Sus scrofa),pig,Sus scrofa,sus_scrofa,,1,119,Johnsen,Nakayama,G-III,,0,0,PFU,0,0,1,,,1,,,,,,,
Domestic duck,Domestic duck (Anas platyrhynchos dom.),domestic_duck,Anas platyrhynchos dom.,anas_platyrhynchos_dom.,2,2,60,Cleton,JE-VN/JE-P4,G-I & G-III,,6.5,6.5,PFU,4,6,6,,,1,,,,,,,
Domestic duck,Domestic duck (Anas platyrhynchos dom.),domestic_duck,Anas platyrhynchos dom.,anas_platyrhynchos_dom.,5,5,61,Cleton,JE-VN/JE-P4,G-I & G-III,,5.2,5.2,PFU,3,6,6,,,1,,,,,,,
Domestic duck,Domestic duck (Anas platyrhynchos dom.),domestic_duck,Anas platyrhynchos dom.,anas_platyrhynchos_dom.,7,7,62,Cleton,JE-VN/JE-P4,G-I & G-III,,3.2,3.2,PFU,3,6,6,,,1,,,,,,,
Domestic duck,Domestic duck (Anas platyrhynchos dom.),domestic_duck,Anas platyrhynchos dom.,anas_platyrhynchos_dom.,10,10,63,Cleton,JE-VN/JE-P4,G-I & G-III,,3.4,3.4,PFU,1,5,6,,,1,,,,,,,
Domestic duck,Domestic duck (Anas platyrhynchos dom.),domestic_duck,Anas platyrhynchos dom.,anas_platyrhynchos_dom.,14,14,64,Cleton,JE-VN/JE-P4,G-I & G-III,,2.9,2.9,PFU,3,6,6,,,1,,,,,,,
Domestic duck,Domestic duck (Anas platyrhynchos dom.),domestic_duck,Anas platyrhynchos dom.,anas_platyrhynchos_dom.,21,21,65,Cleton,JE-VN/JE-P4,G-I & G-III,,1.9,1.9,PFU,1,5,6,,,1,,,,,,,
Domestic duck,Domestic duck (Anas platyrhynchos dom.),domestic_duck,Anas platyrhynchos dom.,anas_platyrhynchos_dom.,28,28,66,Cleton,JE-VN/JE-P4,G-I & G-III,,2.3,2.3,PFU,1,3,6,,,1,,,,,,,
Domestic duck,Domestic duck (Anas platyrhynchos dom.),domestic_duck,Anas platyrhynchos dom.,anas_platyrhynchos_dom.,42,42,67,Cleton,JE-VN/JE-P4,G-I & G-III,,0.9,0.9,PFU,1,3,6,,,1,,,,,,,
Chicken,Chicken (Gallus dom.),chicken,Gallus dom.,gallus_dom.,,2,68,Cleton,JE-VN/JE-P4,G-I & G-III,,5,5,PFU,5,6,6,,,1,,,,,,,
Chicken,Chicken (Gallus dom.),chicken,Gallus dom.,gallus_dom.,,5,69,Cleton,JE-VN/JE-P4,G-I & G-III,,4.3,4.3,PFU,4,6,6,,,1,,,,,,,
Chicken,Chicken (Gallus dom.),chicken,Gallus dom.,gallus_dom.,,7,70,Cleton,JE-VN/JE-P4,G-I & G-III,,3.8,3.8,PFU,3,5,6,,,1,,,,,,,
Chicken,Chicken (Gallus dom.),chicken,Gallus dom.,gallus_dom.,,10,71,Cleton,JE-VN/JE-P4,G-I & G-III,,3.2,3.2,PFU,3,6,6,,,1,,,,,,,
Chicken,Chicken (Gallus dom.),chicken,Gallus dom.,gallus_dom.,,14,72,Cleton,JE-VN/JE-P4,G-I & G-III,,3,3,PFU,3,6,6,,,1,,,,,,,
Chicken,Chicken (Gallus dom.),chicken,Gallus dom.,gallus_dom.,,21,73,Cleton,JE-VN/JE-P4,G-I & G-III,,2.3,2.3,PFU,3,3,5,,,1,,,,,,,
Chicken,Chicken (Gallus dom.),chicken,Gallus dom.,gallus_dom.,,28,74,Cleton,JE-VN/JE-P4,G-I & G-III,,1.3,1.3,PFU,1,3,5,,,1,,,,,,,
Chicken,Chicken (Gallus dom.),chicken,Gallus dom.,gallus_dom.,,42,75,Cleton,JE-VN/JE-P4,G-I & G-III,,1.4,1.4,PFU,1,1,5,,,,,,,,,,
Horse,Horse (Equus ferus caballus),horse,Equus ferus caballus,equus_ferus_caballus,,147,76,Gould,FM380,Unspecified,0,0,,LD50,,,,,,,KM,other,converted from LD50/0.03mL to LD50/mL,trace on day 3,,,
Horse,Horse (Equus ferus caballus),horse,Equus ferus caballus,equus_ferus_caballus,,147,76,Gould,FM380,Unspecified,1,0,,LD50,,,,,,,KM,other,converted from LD50/0.03mL to LD50/mL,,,,
Horse,Horse (Equus ferus caballus),horse,Equus ferus caballus,equus_ferus_caballus,,147,76,Gould,FM380,Unspecified,2,0,,LD50,,,,,,,KM,other,converted from LD50/0.03mL to LD50/mL,,,,
Horse,Horse (Equus ferus caballus),horse,Equus ferus caballus,equus_ferus_caballus,,147,76,Gould,FM380,Unspecified,3,0,,LD50,,,,,,,KM,other,converted from LD50/0.03mL to LD50/mL,,,,
Horse,Horse (Equus ferus caballus),horse,Equus ferus caballus,equus_ferus_caballus,,147,76,Gould,FM380,Unspecified,4,2.5,,LD50,,,,,,,KM,other,converted from LD50/0.03mL to LD50/mL,,,,
Horse,Horse (Equus ferus caballus),horse,Equus ferus caballus,equus_ferus_caballus,,147,76,Gould,FM380,Unspecified,5,2.7,,LD50,,,,,,,KM,other,converted from LD50/0.03mL to LD50/mL,,,,
Horse,Horse (Equus ferus caballus),horse,Equus ferus caballus,equus_ferus_caballus,,147,76,Gould,FM380,Unspecified,6,2,,LD50,,,,,,,KM,other,converted from LD50/0.03mL to LD50/mL,,,,
Horse,Horse (Equus ferus caballus),horse,Equus ferus caballus,equus_ferus_caballus,,147,76,Gould,FM380,Unspecified,7,0,,LD50,,,,,,,KM,other,converted from LD50/0.03mL to LD50/mL,,,,
Horse,Horse (Equus ferus caballus),horse,Equus ferus caballus,equus_ferus_caballus,,148,77,Gould,FM380,Unspecified,0,0,,LD50,,,,,,,KM,other,converted from LD50/0.03mL to LD50/mL,,,,
Horse,Horse (Equus ferus caballus),horse,Equus ferus caballus,equus_ferus_caballus,,148,77,Gould,FM380,Unspecified,1,0,,LD50,,,,,,,KM,other,converted from LD50/0.03mL to LD50/mL,,,,
Horse,Horse (Equus ferus caballus),horse,Equus ferus caballus,equus_ferus_caballus,,148,77,Gould,FM380,Unspecified,2,0,,LD50,,,,,,,KM,other,converted from LD50/0.03mL to LD50/mL,,,,
Horse,Horse (Equus ferus caballus),horse,Equus ferus caballus,equus_ferus_caballus,,148,77,Gould,FM380,Unspecified,3,0,,LD50,,,,,,,KM,other,converted from LD50/0.03mL to LD50/mL,,,,
Horse,Horse (Equus ferus caballus),horse,Equus ferus caballus,equus_ferus_caballus,,148,77,Gould,FM380,Unspecified,4,2.1,,LD50,,,,,,,KM,other,converted from LD50/0.03mL to LD50/mL,,,,
Horse,Horse (Equus ferus caballus),horse,Equus ferus caballus,equus_ferus_caballus,,148,77,Gould,FM380,Unspecified,5,2,,LD50,,,,,,,KM,other,converted from LD50/0.03mL to LD50/mL,,,,
Horse,Horse (Equus ferus caballus),horse,Equus ferus caballus,equus_ferus_caballus,,148,77,Gould,FM380,Unspecified,6,2.2,,LD50,,,,,,,KM,other,converted from LD50/0.03mL to LD50/mL,,,,
Horse,Horse (Equus ferus caballus),horse,Equus ferus caballus,equus_ferus_caballus,,148,77,Gould,FM380,Unspecified,7,0,,LD50,,,,,,,KM,other,converted from LD50/0.03mL to LD50/mL,,,,
Horse,Horse (Equus ferus caballus),horse,Equus ferus caballus,equus_ferus_caballus,,148,120,Gould,FM381,Unspecified,,0,0,LD50,0,0,1,,,1,,,to account for the one horse that did not generate a viraemia,,,,
Domestic duck,Domestic duck (Anas platyrhynchos dom.),domestic_duck,Anas platyrhynchos dom.,anas_platyrhynchos_dom.,2,,78,Xiao,SD12,G-I,,3.2,6.212,TCID50,4,7,10,,1,1,MM,bird,2 days -post hatch,Max titre not reported,Original TCID50,4.2,Duration stolen from Cleton for two day old ducklings 
Domestic duck,Domestic duck (Anas platyrhynchos dom.),domestic_duck,Anas platyrhynchos dom.,anas_platyrhynchos_dom.,2,,79,Xiao,SH1,G-III,,2.2,3.334,TCID50,4,5,9,,1,1,MM,bird,2 days -post hatch,Max titre not reported,Original TCID50,3.2,Duration stolen from Cleton for two day old ducklings 
Domestic duck,Domestic duck (Anas platyrhynchos dom.),domestic_duck,Anas platyrhynchos dom.,anas_platyrhynchos_dom.,2,,80,Xiao,SH2,G-I,,2.8,2.31,TCID50,4,2,10,,1,1,MM,bird,2 days -post hatch,Max titre not reported,Original TCID50,3.8,Duration stolen from Cleton for two day old ducklings 
Domestic duck,Domestic duck (Anas platyrhynchos dom.),domestic_duck,Anas platyrhynchos dom.,anas_platyrhynchos_dom.,2,,81,Xiao,SH7,G-I,,2.5,4.42,TCID50,4,10,10,,1,1,MM,bird,2 days -post hatch,Max titre not reported,Original TCID50,3.5,Duration stolen from Cleton for two day old ducklings 
Domestic duck,Domestic duck (Anas platyrhynchos dom.),domestic_duck,Anas platyrhynchos dom.,anas_platyrhynchos_dom.,2,,82,Xiao,SH15,G-III,,2,2.354,TCID50,4,5,10,,1,1,MM,bird,2 days -post hatch,Max titre not reported,Original TCID50,3,Duration stolen from Cleton for two day old ducklings 
Domestic duck,Domestic duck (Anas platyrhynchos dom.),domestic_duck,Anas platyrhynchos dom.,anas_platyrhynchos_dom.,2,,83,Xiao,SH19,G-III,,2.9,2.884,TCID50,4,7,9,,1,1,MM,bird,2 days -post hatch,Max titre not reported,Original TCID50,3.9,Duration stolen from Cleton for two day old ducklings 
Domestic duck,Domestic duck (Anas platyrhynchos dom.),domestic_duck,Anas platyrhynchos dom.,anas_platyrhynchos_dom.,2,,84,Xiao,N28,G-III,,2.5,4.978,TCID50,4,5,10,,1,1,MM,bird,2 days -post hatch,Max titre not reported,Original TCID50,3.5,Duration stolen from Cleton for two day old ducklings 
Domestic duck,Domestic duck (Anas platyrhynchos dom.),domestic_duck,Anas platyrhynchos dom.,anas_platyrhynchos_dom.,2,,85,Xiao,SD12,G-I,,3.4,6.212,TCID50,4,13,19,,1,1,MM,bird,2 days -post hatch,Max titre taken from figure 1D,Original TCID50,4.4,Duration stolen from Cleton for two day old ducklings 
Domestic duck,Domestic duck (Anas platyrhynchos dom.),domestic_duck,Anas platyrhynchos dom.,anas_platyrhynchos_dom.,2,,86,Xiao,SH1,G-III,,1.8,3.334,TCID50,4,6,19,,1,1,MM,bird,2 days -post hatch,Max titre taken from figure 1D,Original TCID50,2.8,Duration stolen from Cleton for two day old ducklings 
Domestic duck,Domestic duck (Anas platyrhynchos dom.),domestic_duck,Anas platyrhynchos dom.,anas_platyrhynchos_dom.,2,,87,Xiao,SH2,G-I,,1.6,2.31,TCID50,4,2,16,,1,1,MM,bird,2 days -post hatch,Max titre taken from figure 1D,Original TCID50,2.6,Duration stolen from Cleton for two day old ducklings 
Domestic duck,Domestic duck (Anas platyrhynchos dom.),domestic_duck,Anas platyrhynchos dom.,anas_platyrhynchos_dom.,2,,88,Xiao,SH7,G-I,,2.2,4.42,TCID50,4,9,20,,1,1,MM,bird,2 days -post hatch,Max titre taken from figure 1D,Original TCID50,3.2,Duration stolen from Cleton for two day old ducklings 
Domestic duck,Domestic duck (Anas platyrhynchos dom.),domestic_duck,Anas platyrhynchos dom.,anas_platyrhynchos_dom.,2,,89,Xiao,SH15,G-III,,1.6,2.354,TCID50,4,6,18,,1,1,MM,bird,2 days -post hatch,Max titre taken from figure 1D,Original TCID50,2.6,Duration stolen from Cleton for two day old ducklings 
Domestic duck,Domestic duck (Anas platyrhynchos dom.),domestic_duck,Anas platyrhynchos dom.,anas_platyrhynchos_dom.,2,,90,Xiao,SH19,G-III,,1.7,2.884,TCID50,4,7,15,,1,1,MM,bird,2 days -post hatch,Max titre taken from figure 1D,Original TCID50,2.7,Duration stolen from Cleton for two day old ducklings 
Domestic duck,Domestic duck (Anas platyrhynchos dom.),domestic_duck,Anas platyrhynchos dom.,anas_platyrhynchos_dom.,2,,91,Xiao,N28,G-III,,2.2,4.978,TCID50,4,6,13,,1,1,MM,bird,2 days -post hatch,Max titre taken from figure 1D,Original TCID50,3.2,Duration stolen from Cleton for two day old ducklings 
Pig,Pig (Sus scrofa),pig,Sus scrofa,sus_scrofa,,150,92,Scherer,M5/596,G-III,0,0,,LD50,,,,,,,KM,pig,"Assumed G-III, as virus was isolated from animals in Sagiyama, Japan",Omit from analysis - LD50 pig data is redundant,,,
Pig,Pig (Sus scrofa),pig,Sus scrofa,sus_scrofa,,150,92,Scherer,M5/596,G-III,1,1.5,,LD50,,,,,,,KM,pig,"converted from LD50/0.03mL to LD50/mL. Assumed G-III, as virus was isolated from animals in Sagiyama, Japan",Omit from analysis - LD50 pig data is redundant,,,
Pig,Pig (Sus scrofa),pig,Sus scrofa,sus_scrofa,,150,92,Scherer,M5/596,G-III,2,2.5,,LD50,,,,,,,KM,pig,"converted from LD50/0.03mL to LD50/mL. Assumed G-III, as virus was isolated from animals in Sagiyama, Japan",Omit from analysis - LD50 pig data is redundant,,,
Pig,Pig (Sus scrofa),pig,Sus scrofa,sus_scrofa,,150,92,Scherer,M5/596,G-III,3,0,,LD50,,,,,,,KM,pig,"converted from LD50/0.03mL to LD50/mL. Assumed G-III, as virus was isolated from animals in Sagiyama, Japan",Omit from analysis - LD50 pig data is redundant,,,
Pig,Pig (Sus scrofa),pig,Sus scrofa,sus_scrofa,,150,92,Scherer,M5/596,G-III,4,0,,LD50,,,,,,,KM,pig,"converted from LD50/0.03mL to LD50/mL. Assumed G-III, as virus was isolated from animals in Sagiyama, Japan",Omit from analysis - LD50 pig data is redundant,,,
Pig,Pig (Sus scrofa),pig,Sus scrofa,sus_scrofa,,150,92,Scherer,M5/596,G-III,5,0,,LD50,,,,,,,KM,pig,"converted from LD50/0.03mL to LD50/mL. Assumed G-III, as virus was isolated from animals in Sagiyama, Japan",Omit from analysis - LD50 pig data is redundant,,,
Pig,Pig (Sus scrofa),pig,Sus scrofa,sus_scrofa,,151,93,Scherer,M5/596,G-III,0,0,,LD50,,,,,,,KM,pig,"converted from LD50/0.03mL to LD50/mL. Assumed G-III, as virus was isolated from animals in Sagiyama, Japan",Omit from analysis - LD50 pig data is redundant,,,
Pig,Pig (Sus scrofa),pig,Sus scrofa,sus_scrofa,,151,93,Scherer,M5/596,G-III,1,2.5,,LD50,,,,,,,KM,pig,"converted from LD50/0.03mL to LD50/mL. Assumed G-III, as virus was isolated from animals in Sagiyama, Japan",Omit from analysis - LD50 pig data is redundant,,,
Pig,Pig (Sus scrofa),pig,Sus scrofa,sus_scrofa,,151,93,Scherer,M5/596,G-III,2,1.7,,LD50,,,,,,,KM,pig,"converted from LD50/0.03mL to LD50/mL. Assumed G-III, as virus was isolated from animals in Sagiyama, Japan",Omit from analysis - LD50 pig data is redundant,,,
Pig,Pig (Sus scrofa),pig,Sus scrofa,sus_scrofa,,151,93,Scherer,M5/596,G-III,3,0,,LD50,,,,,,,KM,pig,"converted from LD50/0.03mL to LD50/mL. Assumed G-III, as virus was isolated from animals in Sagiyama, Japan",Omit from analysis - LD50 pig data is redundant,,,
Pig,Pig (Sus scrofa),pig,Sus scrofa,sus_scrofa,,151,93,Scherer,M5/596,G-III,4,0,,LD50,,,,,,,KM,pig,"converted from LD50/0.03mL to LD50/mL. Assumed G-III, as virus was isolated from animals in Sagiyama, Japan",Omit from analysis - LD50 pig data is redundant,,,
Pig,Pig (Sus scrofa),pig,Sus scrofa,sus_scrofa,,151,93,Scherer,M5/596,G-III,5,0,,LD50,,,,,,,KM,pig,"converted from LD50/0.03mL to LD50/mL. Assumed G-III, as virus was isolated from animals in Sagiyama, Japan",Omit from analysis - LD50 pig data is redundant,,,
Pig,Pig (Sus scrofa),pig,Sus scrofa,sus_scrofa,,152,94,Scherer,Pig 9,G-III,0,0,,LD50,,,,,,,KM,pig,"converted from LD50/0.03mL to LD50/mL. Assumed G-III, as virus was isolated from animals in Sagiyama, Japan",Omit from analysis - LD50 pig data is redundant,,,
Pig,Pig (Sus scrofa),pig,Sus scrofa,sus_scrofa,,152,94,Scherer,Pig 9,G-III,1,0,,LD50,,,,,,,KM,pig,"converted from LD50/0.03mL to LD50/mL. Assumed G-III, as virus was isolated from animals in Sagiyama, Japan",Omit from analysis - LD50 pig data is redundant,,,
Pig,Pig (Sus scrofa),pig,Sus scrofa,sus_scrofa,,152,94,Scherer,Pig 9,G-III,2,2,,LD50,,,,,,,KM,pig,"converted from LD50/0.03mL to LD50/mL. Assumed G-III, as virus was isolated from animals in Sagiyama, Japan",Omit from analysis - LD50 pig data is redundant,,,
Pig,Pig (Sus scrofa),pig,Sus scrofa,sus_scrofa,,152,94,Scherer,Pig 9,G-III,3,2.6,,LD50,,,,,,,KM,pig,"converted from LD50/0.03mL to LD50/mL. Assumed G-III, as virus was isolated from animals in Sagiyama, Japan",Omit from analysis - LD50 pig data is redundant,,,
Pig,Pig (Sus scrofa),pig,Sus scrofa,sus_scrofa,,152,94,Scherer,Pig 9,G-III,4,0,,LD50,,,,,,,KM,pig,"converted from LD50/0.03mL to LD50/mL. Assumed G-III, as virus was isolated from animals in Sagiyama, Japan",Omit from analysis - LD50 pig data is redundant,,,
Pig,Pig (Sus scrofa),pig,Sus scrofa,sus_scrofa,,152,94,Scherer,Pig 9,G-III,5,0,,LD50,,,,,,,KM,pig,"converted from LD50/0.03mL to LD50/mL. Assumed G-III, as virus was isolated from animals in Sagiyama, Japan",Omit from analysis - LD50 pig data is redundant,,,
Pig,Pig (Sus scrofa),pig,Sus scrofa,sus_scrofa,,153,95,Scherer,Pig 9,G-III,0,0,,LD50,,,,,,,KM,pig,"converted from LD50/0.03mL to LD50/mL. Assumed G-III, as virus was isolated from animals in Sagiyama, Japan",Omit from analysis - LD50 pig data is redundant,,,
Pig,Pig (Sus scrofa),pig,Sus scrofa,sus_scrofa,,153,95,Scherer,Pig 9,G-III,1,0,,LD50,,,,,,,KM,pig,"converted from LD50/0.03mL to LD50/mL. Assumed G-III, as virus was isolated from animals in Sagiyama, Japan",Omit from analysis - LD50 pig data is redundant,,,
Pig,Pig (Sus scrofa),pig,Sus scrofa,sus_scrofa,,153,95,Scherer,Pig 9,G-III,2,2.5,,LD50,,,,,,,KM,pig,"converted from LD50/0.03mL to LD50/mL. Assumed G-III, as virus was isolated from animals in Sagiyama, Japan",Omit from analysis - LD50 pig data is redundant,,,
Pig,Pig (Sus scrofa),pig,Sus scrofa,sus_scrofa,,153,95,Scherer,Pig 9,G-III,3,0,,LD50,,,,,,,KM,pig,"converted from LD50/0.03mL to LD50/mL. Assumed G-III, as virus was isolated from animals in Sagiyama, Japan",Omit from analysis - LD50 pig data is redundant,,,
Pig,Pig (Sus scrofa),pig,Sus scrofa,sus_scrofa,,153,95,Scherer,Pig 9,G-III,4,0,,LD50,,,,,,,KM,pig,"converted from LD50/0.03mL to LD50/mL. Assumed G-III, as virus was isolated from animals in Sagiyama, Japan",Omit from analysis - LD50 pig data is redundant,,,
Pig,Pig (Sus scrofa),pig,Sus scrofa,sus_scrofa,,153,95,Scherer,Pig 9,G-III,5,0,,LD50,,,,,,,KM,pig,"converted from LD50/0.03mL to LD50/mL. Assumed G-III, as virus was isolated from animals in Sagiyama, Japan",Omit from analysis - LD50 pig data is redundant,,,
Pig,Pig (Sus scrofa),pig,Sus scrofa,sus_scrofa,,6980,96,Xiao_2,SD12,G-I,0,0,,TCID50,,,,,,,KM,pig,,Original value in TCID29,,,
Pig,Pig (Sus scrofa),pig,Sus scrofa,sus_scrofa,,6980,96,Xiao_2,SD12,G-I,1,0,,TCID50,,,,,,,KM,pig,,Original value in TCID28,,,
Pig,Pig (Sus scrofa),pig,Sus scrofa,sus_scrofa,,6980,96,Xiao_2,SD12,G-I,2,2.6,,TCID50,,,,,,,KM,pig,,Original value in TCID27,2.6,,
Pig,Pig (Sus scrofa),pig,Sus scrofa,sus_scrofa,,6980,96,Xiao_2,SD12,G-I,3,1.4,,TCID50,,,,,,,KM,pig,,Original value in TCID26,1.4,,
Pig,Pig (Sus scrofa),pig,Sus scrofa,sus_scrofa,,6980,96,Xiao_2,SD12,G-I,4,0,,TCID50,,,,,,,KM,pig,,Original value in TCID25,,,
Pig,Pig (Sus scrofa),pig,Sus scrofa,sus_scrofa,,6980,96,Xiao_2,SD12,G-I,5,0,,TCID50,,,,,,,KM,pig,,Original value in TCID24,,,
Pig,Pig (Sus scrofa),pig,Sus scrofa,sus_scrofa,,6980,96,Xiao_2,SD12,G-I,6,0,,TCID50,,,,,,,KM,pig,,Original value in TCID23,,,
Pig,Pig (Sus scrofa),pig,Sus scrofa,sus_scrofa,,6980,96,Xiao_2,SD12,G-I,7,0,,TCID50,,,,,,,KM,pig,,Original value in TCID22,,,
Pig,Pig (Sus scrofa),pig,Sus scrofa,sus_scrofa,,6968,97,Xiao_2,SD12,G-I,0,0,,TCID50,,,,,,,KM,pig,,Original value in TCID21,,,
Pig,Pig (Sus scrofa),pig,Sus scrofa,sus_scrofa,,6968,97,Xiao_2,SD12,G-I,1,1.1,,TCID50,,,,,,,KM,pig,,Original value in TCID20,1.1,,
Pig,Pig (Sus scrofa),pig,Sus scrofa,sus_scrofa,,6968,97,Xiao_2,SD12,G-I,2,1.3,,TCID50,,,,,,,KM,pig,,Original value in TCID19,1.3,,
Pig,Pig (Sus scrofa),pig,Sus scrofa,sus_scrofa,,6968,97,Xiao_2,SD12,G-I,3,0,,TCID50,,,,,,,KM,pig,,Original value in TCID18,,,
Pig,Pig (Sus scrofa),pig,Sus scrofa,sus_scrofa,,6968,97,Xiao_2,SD12,G-I,4,0,,TCID50,,,,,,,KM,pig,,Original value in TCID17,,,
Pig,Pig (Sus scrofa),pig,Sus scrofa,sus_scrofa,,6968,97,Xiao_2,SD12,G-I,5,0,,TCID50,,,,,,,KM,pig,,Original value in TCID16,,,
Pig,Pig (Sus scrofa),pig,Sus scrofa,sus_scrofa,,6968,97,Xiao_2,SD12,G-I,6,0,,TCID50,,,,,,,KM,pig,,Original value in TCID15,,,
Pig,Pig (Sus scrofa),pig,Sus scrofa,sus_scrofa,,6968,97,Xiao_2,SD12,G-I,7,0,,TCID50,,,,,,,KM,pig,,Original value in TCID14,,,
Pig,Pig (Sus scrofa),pig,Sus scrofa,sus_scrofa,,1,98,Xiao_2,SD12,G-I,0,0,,TCID50,,,,,,,KM,pig,,Original value in TCID13,,,
Pig,Pig (Sus scrofa),pig,Sus scrofa,sus_scrofa,,1,98,Xiao_2,SD12,G-I,1,0,,TCID50,,,,,,,KM,pig,,Original value in TCID12,,,
Pig,Pig (Sus scrofa),pig,Sus scrofa,sus_scrofa,,1,98,Xiao_2,SD12,G-I,2,2.8,,TCID50,,,,,,,KM,pig,,Original value in TCID11,2.8,,
Pig,Pig (Sus scrofa),pig,Sus scrofa,sus_scrofa,,1,98,Xiao_2,SD12,G-I,3,1.6,,TCID50,,,,,,,KM,pig,,Original value in TCID10,1.6,,
Pig,Pig (Sus scrofa),pig,Sus scrofa,sus_scrofa,,1,98,Xiao_2,SD12,G-I,4,0,,TCID50,,,,,,,KM,pig,,Original value in TCID09,,,
Pig,Pig (Sus scrofa),pig,Sus scrofa,sus_scrofa,,1,98,Xiao_2,SD12,G-I,5,0,,TCID50,,,,,,,KM,pig,,Original value in TCID08,,,
Pig,Pig (Sus scrofa),pig,Sus scrofa,sus_scrofa,,1,98,Xiao_2,SD12,G-I,6,0,,TCID50,,,,,,,KM,pig,,Original value in TCID07,,,
Pig,Pig (Sus scrofa),pig,Sus scrofa,sus_scrofa,,1,98,Xiao_2,SD12,G-I,7,0,,TCID50,,,,,,,KM,pig,,Original value in TCID06,,,
Pig,Pig (Sus scrofa),pig,Sus scrofa,sus_scrofa,,12,99,Xiao_2,SD12,G-I,0,0,,TCID50,,,,,,,KM,pig,,Original value in TCID05,,,
Pig,Pig (Sus scrofa),pig,Sus scrofa,sus_scrofa,,12,99,Xiao_2,SD12,G-I,1,0,,TCID50,,,,,,,KM,pig,,Original value in TCID04,,,
Pig,Pig (Sus scrofa),pig,Sus scrofa,sus_scrofa,,12,99,Xiao_2,SD12,G-I,2,1.3,,TCID50,,,,,,,KM,pig,,Original value in TCID03,1.3,,
Pig,Pig (Sus scrofa),pig,Sus scrofa,sus_scrofa,,12,99,Xiao_2,SD12,G-I,3,1.1,,TCID50,,,,,,,KM,pig,,Original value in TCID02,1.1,,
Pig,Pig (Sus scrofa),pig,Sus scrofa,sus_scrofa,,12,99,Xiao_2,SD12,G-I,4,0,,TCID50,,,,,,,KM,pig,,Original value in TCID01,,,
Pig,Pig (Sus scrofa),pig,Sus scrofa,sus_scrofa,,12,99,Xiao_2,SD12,G-I,5,0,,TCID50,,,,,,,KM,pig,,Original value in TCID00,,,
Pig,Pig (Sus scrofa),pig,Sus scrofa,sus_scrofa,,12,99,Xiao_2,SD12,G-I,6,0,,TCID50,,,,,,,KM,pig,,Original value in TCID01,,,
Pig,Pig (Sus scrofa),pig,Sus scrofa,sus_scrofa,,12,99,Xiao_2,SD12,G-I,7,0,,TCID50,,,,,,,KM,pig,,Original value in TCID02,,,
Pig,Pig (Sus scrofa),pig,Sus scrofa,sus_scrofa,,10,100,Xiao_2,SD12,G-I,0,0,,TCID50,,,,,,,KM,pig,,Original value in TCID03,,,
Pig,Pig (Sus scrofa),pig,Sus scrofa,sus_scrofa,,10,100,Xiao_2,SD12,G-I,1,0,,TCID50,,,,,,,KM,pig,,Original value in TCID04,,,
Pig,Pig (Sus scrofa),pig,Sus scrofa,sus_scrofa,,10,100,Xiao_2,SD12,G-I,2,1.5,,TCID50,,,,,,,KM,pig,,Original value in TCID05,1.5,,
Pig,Pig (Sus scrofa),pig,Sus scrofa,sus_scrofa,,10,100,Xiao_2,SD12,G-I,3,2.1,,TCID50,,,,,,,KM,pig,,Original value in TCID06,2.1,,
Pig,Pig (Sus scrofa),pig,Sus scrofa,sus_scrofa,,10,100,Xiao_2,SD12,G-I,4,3.6,,TCID50,,,,,,,KM,pig,,Original value in TCID07,3.6,,
Pig,Pig (Sus scrofa),pig,Sus scrofa,sus_scrofa,,10,100,Xiao_2,SD12,G-I,5,1.6,,TCID50,,,,,,,KM,pig,,Original value in TCID08,1.6,,
Pig,Pig (Sus scrofa),pig,Sus scrofa,sus_scrofa,,10,100,Xiao_2,SD12,G-I,6,0,,TCID50,,,,,,,KM,pig,,Original value in TCID09,,,
Pig,Pig (Sus scrofa),pig,Sus scrofa,sus_scrofa,,10,100,Xiao_2,SD12,G-I,7,0,,TCID50,,,,,,,KM,pig,,Original value in TCID10,,,
Pig,Pig (Sus scrofa),pig,Sus scrofa,sus_scrofa,,6976,101,Xiao_2,N28,G-III,0,0,,TCID50,,,,,,,KM,pig,,Original value in TCID11,,,
Pig,Pig (Sus scrofa),pig,Sus scrofa,sus_scrofa,,6976,101,Xiao_2,N28,G-III,1,0,,TCID50,,,,,,,KM,pig,,Original value in TCID12,,,
Pig,Pig (Sus scrofa),pig,Sus scrofa,sus_scrofa,,6976,101,Xiao_2,N28,G-III,2,0,,TCID50,,,,,,,KM,pig,,Original value in TCID13,,,
Pig,Pig (Sus scrofa),pig,Sus scrofa,sus_scrofa,,6976,101,Xiao_2,N28,G-III,3,2.6,,TCID50,,,,,,,KM,pig,,Original value in TCID14,2.6,,
Pig,Pig (Sus scrofa),pig,Sus scrofa,sus_scrofa,,6976,101,Xiao_2,N28,G-III,4,1.4,,TCID50,,,,,,,KM,pig,,Original value in TCID15,1.4,,
Pig,Pig (Sus scrofa),pig,Sus scrofa,sus_scrofa,,6976,101,Xiao_2,N28,G-III,5,0,,TCID50,,,,,,,KM,pig,,Original value in TCID16,,,
Pig,Pig (Sus scrofa),pig,Sus scrofa,sus_scrofa,,6976,101,Xiao_2,N28,G-III,6,0,,TCID50,,,,,,,KM,pig,,Original value in TCID17,,,
Pig,Pig (Sus scrofa),pig,Sus scrofa,sus_scrofa,,6976,101,Xiao_2,N28,G-III,7,0,,TCID50,,,,,,,KM,pig,,Original value in TCID18,,,
Pig,Pig (Sus scrofa),pig,Sus scrofa,sus_scrofa,,6071,102,Xiao_2,N28,G-III,0,0,,TCID50,,,,,,,KM,pig,,Original value in TCID19,,,
Pig,Pig (Sus scrofa),pig,Sus scrofa,sus_scrofa,,6071,102,Xiao_2,N28,G-III,1,0,,TCID50,,,,,,,KM,pig,,Original value in TCID20,,,
Pig,Pig (Sus scrofa),pig,Sus scrofa,sus_scrofa,,6071,102,Xiao_2,N28,G-III,2,0,,TCID50,,,,,,,KM,pig,,Original value in TCID21,,,
Pig,Pig (Sus scrofa),pig,Sus scrofa,sus_scrofa,,6071,102,Xiao_2,N28,G-III,3,2.8,,TCID50,,,,,,,KM,pig,,Original value in TCID22,2.8,,
Pig,Pig (Sus scrofa),pig,Sus scrofa,sus_scrofa,,6071,102,Xiao_2,N28,G-III,4,1.5,,TCID50,,,,,,,KM,pig,,Original value in TCID23,1.5,,
Pig,Pig (Sus scrofa),pig,Sus scrofa,sus_scrofa,,6071,102,Xiao_2,N28,G-III,5,0,,TCID50,,,,,,,KM,pig,,Original value in TCID24,,,
Pig,Pig (Sus scrofa),pig,Sus scrofa,sus_scrofa,,6071,102,Xiao_2,N28,G-III,6,0,,TCID50,,,,,,,KM,pig,,Original value in TCID25,,,
Pig,Pig (Sus scrofa),pig,Sus scrofa,sus_scrofa,,6071,102,Xiao_2,N28,G-III,7,0,,TCID50,,,,,,,KM,pig,,Original value in TCID26,,,
Pig,Pig (Sus scrofa),pig,Sus scrofa,sus_scrofa,,11,103,Xiao_2,N28,G-III,0,0,,TCID50,,,,,,,KM,pig,,Original value in TCID27,,,
Pig,Pig (Sus scrofa),pig,Sus scrofa,sus_scrofa,,11,103,Xiao_2,N28,G-III,1,0,,TCID50,,,,,,,KM,pig,,Original value in TCID28,,,
Pig,Pig (Sus scrofa),pig,Sus scrofa,sus_scrofa,,11,103,Xiao_2,N28,G-III,2,0,,TCID50,,,,,,,KM,pig,,Original value in TCID29,,,
Pig,Pig (Sus scrofa),pig,Sus scrofa,sus_scrofa,,11,103,Xiao_2,N28,G-III,3,1.1,,TCID50,,,,,,,KM,pig,,Original value in TCID30,,,
Pig,Pig (Sus scrofa),pig,Sus scrofa,sus_scrofa,,11,103,Xiao_2,N28,G-III,4,0,,TCID50,,,,,,,KM,pig,,Original value in TCID31,1.1,,
Pig,Pig (Sus scrofa),pig,Sus scrofa,sus_scrofa,,11,103,Xiao_2,N28,G-III,5,0,,TCID50,,,,,,,KM,pig,,Original value in TCID32,,,
Pig,Pig (Sus scrofa),pig,Sus scrofa,sus_scrofa,,11,103,Xiao_2,N28,G-III,6,0,,TCID50,,,,,,,KM,pig,,Original value in TCID33,,,
Pig,Pig (Sus scrofa),pig,Sus scrofa,sus_scrofa,,11,103,Xiao_2,N28,G-III,7,0,,TCID50,,,,,,,KM,pig,,Original value in TCID34,,,
Pig,Pig (Sus scrofa),pig,Sus scrofa,sus_scrofa,,6067,104,Xiao_2,N28,G-III,0,0,,TCID50,,,,,,,KM,pig,,Original value in TCID35,,,
Pig,Pig (Sus scrofa),pig,Sus scrofa,sus_scrofa,,6067,104,Xiao_2,N28,G-III,1,0,,TCID50,,,,,,,KM,pig,,Original value in TCID36,,,
Pig,Pig (Sus scrofa),pig,Sus scrofa,sus_scrofa,,6067,104,Xiao_2,N28,G-III,2,0,,TCID50,,,,,,,KM,pig,,Original value in TCID37,,,
Pig,Pig (Sus scrofa),pig,Sus scrofa,sus_scrofa,,6067,104,Xiao_2,N28,G-III,3,1.5,,TCID50,,,,,,,KM,pig,,Original value in TCID38,1.5,,
Pig,Pig (Sus scrofa),pig,Sus scrofa,sus_scrofa,,6067,104,Xiao_2,N28,G-III,4,0,,TCID50,,,,,,,KM,pig,,Original value in TCID39,,,
Pig,Pig (Sus scrofa),pig,Sus scrofa,sus_scrofa,,6067,104,Xiao_2,N28,G-III,5,0,,TCID50,,,,,,,KM,pig,,Original value in TCID40,,,
Pig,Pig (Sus scrofa),pig,Sus scrofa,sus_scrofa,,6067,104,Xiao_2,N28,G-III,6,0,,TCID50,,,,,,,KM,pig,,Original value in TCID41,,,
Pig,Pig (Sus scrofa),pig,Sus scrofa,sus_scrofa,,6067,104,Xiao_2,N28,G-III,7,0,,TCID50,,,,,,,KM,pig,,Original value in TCID42,,,
Pig,Pig (Sus scrofa),pig,Sus scrofa,sus_scrofa,,2,105,Xiao_2,N28,G-III,0,0,,TCID50,,,,,,,KM,pig,,Original value in TCID43,,,
Pig,Pig (Sus scrofa),pig,Sus scrofa,sus_scrofa,,2,105,Xiao_2,N28,G-III,1,0,,TCID50,,,,,,,KM,pig,,Original value in TCID44,,,
Pig,Pig (Sus scrofa),pig,Sus scrofa,sus_scrofa,,2,105,Xiao_2,N28,G-III,2,0,,TCID50,,,,,,,KM,pig,,Original value in TCID45,,,
Pig,Pig (Sus scrofa),pig,Sus scrofa,sus_scrofa,,2,105,Xiao_2,N28,G-III,3,1.7,,TCID50,,,,,,,KM,pig,,Original value in TCID46,1.7,,
Pig,Pig (Sus scrofa),pig,Sus scrofa,sus_scrofa,,2,105,Xiao_2,N28,G-III,4,0,,TCID50,,,,,,,KM,pig,,Original value in TCID47,,,
Pig,Pig (Sus scrofa),pig,Sus scrofa,sus_scrofa,,2,105,Xiao_2,N28,G-III,5,0,,TCID50,,,,,,,KM,pig,,Original value in TCID48,,,
Pig,Pig (Sus scrofa),pig,Sus scrofa,sus_scrofa,,2,105,Xiao_2,N28,G-III,6,0,,TCID50,,,,,,,KM,pig,,Original value in TCID49,,,
Pig,Pig (Sus scrofa),pig,Sus scrofa,sus_scrofa,,2,105,Xiao_2,N28,G-III,7,0,,TCID50,,,,,,,KM,pig,,Original value in TCID50 ,,,
Black flying fox,Black flying fox (Pteropus_alecto),black_flying_fox,Pteropus alecto,pteropus_alecto,,,106,Hurk,,,,0,0,PFU,0,0,10,,,1,,,,,,,
Water buffalo,Water buffalo (Bubalus bubalis),water_buffalo,Bubalus bubalis,bubalus_bubalis,,,107,Johnsen,,,,0,0,PFU,0,0,2,,,1,,,,,,,
Cow,Cow (Bos taurus),cow,Bos taurus ,bos_taurus,,,108,Johnsen ,,,,0,0,PFU,0,0,2,,,1,,,,,,,
Eastern grey kangaroo,Eastern grey kangaroo (Macropus giganteus),eastern_grey_kangaroo,Macropus giganteus,macropus_giganteus,,,109,CSIRO,,,,0,0,TCID50,0,0,5,,,1,,,,,,,
Ring necked pheasant,Ring necked pheasant (Phasianus colchicus),ring_necked_pheasant,Phasianus colchicus,phasianus_colchicus,,,110,Boyle,,,,0,0,PFU,0,0,10,,,1,,,,,,,
Tammar wallaby,Tammar wallaby (Macropus eugenii),tammar_wallaby,Macropus eugenii,macropus_eugenii,,,111,CSIRO,,,,0,0,TCID50,0,0,5,,,1,,,,,,,
Pig,Pig (Sus scrofa),pig,Sus scrofa,sus_scrofa,,,112,Ricklin_2,Nakayama,G-III,0,0,,TCID50,,,,,,,,,,,,,
Pig,Pig (Sus scrofa),pig,Sus scrofa,sus_scrofa,,,112,Ricklin_2,Nakayama,G-III,1,4.1,,TCID50,,,,,,,,,,,,,
Pig,Pig (Sus scrofa),pig,Sus scrofa,sus_scrofa,,,112,Ricklin_2,Nakayama,G-III,2,3,,TCID50,,,,,,,,,,,,,
Pig,Pig (Sus scrofa),pig,Sus scrofa,sus_scrofa,,,112,Ricklin_2,Nakayama,G-III,3,0.5,,TCID50,,,,,,,,,,,,,
Pig,Pig (Sus scrofa),pig,Sus scrofa,sus_scrofa,,,112,Ricklin_2,Nakayama,G-III,4,0,,TCID50,,,,,,,,,,,,,
Pig,Pig (Sus scrofa),pig,Sus scrofa,sus_scrofa,,,112,Ricklin_2,Nakayama,G-III,5,0,,TCID50,,,,,,,,,,,,,
Pig,Pig (Sus scrofa),pig,Sus scrofa,sus_scrofa,,,113,Ricklin_2,Nakayama,G-III,0,0,,TCID50,,,,,,,,,,,,,
Pig,Pig (Sus scrofa),pig,Sus scrofa,sus_scrofa,,,113,Ricklin_2,Nakayama,G-III,1,3.7,,TCID50,,,,,,,,,,,,,
Pig,Pig (Sus scrofa),pig,Sus scrofa,sus_scrofa,,,113,Ricklin_2,Nakayama,G-III,2,2.9,,TCID50,,,,,,,,,,,,,
Pig,Pig (Sus scrofa),pig,Sus scrofa,sus_scrofa,,,113,Ricklin_2,Nakayama,G-III,3,1.1,,TCID50,,,,,,,,,,,,,
Pig,Pig (Sus scrofa),pig,Sus scrofa,sus_scrofa,,,113,Ricklin_2,Nakayama,G-III,4,0,,TCID50,,,,,,,,,,,,,
Pig,Pig (Sus scrofa),pig,Sus scrofa,sus_scrofa,,,113,Ricklin_2,Nakayama,G-III,5,0,,TCID50,,,,,,,,,,,,,
Pig,Pig (Sus scrofa),pig,Sus scrofa,sus_scrofa,,,114,Ricklin_2,Nakayama,G-III,0,0,,TCID50,,,,,,,,,,,,,
Pig,Pig (Sus scrofa),pig,Sus scrofa,sus_scrofa,,,114,Ricklin_2,Nakayama,G-III,1,4,,TCID50,,,,,,,,,,,,,
Pig,Pig (Sus scrofa),pig,Sus scrofa,sus_scrofa,,,114,Ricklin_2,Nakayama,G-III,2,2.3,,TCID50,,,,,,,,,,,,,
Pig,Pig (Sus scrofa),pig,Sus scrofa,sus_scrofa,,,114,Ricklin_2,Nakayama,G-III,3,0.3,,TCID50,,,,,,,,,,,,,
Pig,Pig (Sus scrofa),pig,Sus scrofa,sus_scrofa,,,114,Ricklin_2,Nakayama,G-III,4,0,,TCID50,,,,,,,,,,,,,
Pig,Pig (Sus scrofa),pig,Sus scrofa,sus_scrofa,,,114,Ricklin_2,Nakayama,G-III,5,0,,TCID50,,,,,,,,,,,,,
Pig,Pig (Sus scrofa),pig,Sus scrofa,sus_scrofa,,,115,Ricklin_2,Nakayama,G-III,0,0,,TCID50,,,,,,,,,,,,,
Pig,Pig (Sus scrofa),pig,Sus scrofa,sus_scrofa,,,115,Ricklin_2,Nakayama,G-III,1,4,,TCID50,,,,,,,,,,,,,
Pig,Pig (Sus scrofa),pig,Sus scrofa,sus_scrofa,,,115,Ricklin_2,Nakayama,G-III,2,2.8,,TCID50,,,,,,,,,,,,,
Pig,Pig (Sus scrofa),pig,Sus scrofa,sus_scrofa,,,115,Ricklin_2,Nakayama,G-III,3,0.4,,TCID50,,,,,,,,,,,,,
Pig,Pig (Sus scrofa),pig,Sus scrofa,sus_scrofa,,,115,Ricklin_2,Nakayama,G-III,4,0,,TCID50,,,,,,,,,,,,,
Pig,Pig (Sus scrofa),pig,Sus scrofa,sus_scrofa,,,115,Ricklin_2,Nakayama,G-III,5,0,,TCID50,,,,,,,,,,,,,
Pig,Pig (Sus scrofa),pig,Sus scrofa,sus_scrofa,,,116,Ricklin_2,Nakayama,G-III,0,0,,TCID50,,,,,,,,,,,,,
Pig,Pig (Sus scrofa),pig,Sus scrofa,sus_scrofa,,,116,Ricklin_2,Nakayama,G-III,1,3.8,,TCID50,,,,,,,,,,,,,
Pig,Pig (Sus scrofa),pig,Sus scrofa,sus_scrofa,,,116,Ricklin_2,Nakayama,G-III,2,2.2,,TCID50,,,,,,,,,,,,,
Pig,Pig (Sus scrofa),pig,Sus scrofa,sus_scrofa,,,116,Ricklin_2,Nakayama,G-III,3,0.3,,TCID50,,,,,,,,,,,,,
Pig,Pig (Sus scrofa),pig,Sus scrofa,sus_scrofa,,,116,Ricklin_2,Nakayama,G-III,4,0,,TCID50,,,,,,,,,,,,,
Pig,Pig (Sus scrofa),pig,Sus scrofa,sus_scrofa,,,116,Ricklin_2,Nakayama,G-III,5,0,,TCID50,,,,,,,,,,,,,
Water buffalo,Water buffalo (Bubalus bubalis),water_buffalo,Bubalus bubalis,bubalus_bubalis,,,122,Carey,,,,0,0,LD50,0,0,2,,,1,,,,,,,
Pig,Pig (Sus scrofa),pig,Sus scrofa,sus_scrofa,,,123,Carey,,,0,0,,LD50,,,,,,,,,,,,,
Pig,Pig (Sus scrofa),pig,Sus scrofa,sus_scrofa,,,123,Carey,,,1,0.6,,LD50,,,,,,,,,,,,,
Pig,Pig (Sus scrofa),pig,Sus scrofa,sus_scrofa,,,123,Carey,,,2,2.4,,LD50,,,,,,,,,,,,,
Pig,Pig (Sus scrofa),pig,Sus scrofa,sus_scrofa,,,123,Carey,,,3,1.6,,LD50,,,,,,,,,,,,,
Pig,Pig (Sus scrofa),pig,Sus scrofa,sus_scrofa,,,123,Carey,,,4,0,,LD50,,,,,,,,,,,,,
Pig,Pig (Sus scrofa),pig,Sus scrofa,sus_scrofa,,,123,Carey,,,5,0,,LD50,,,,,,,,,,,,,
Pig,Pig (Sus scrofa),pig,Sus scrofa,sus_scrofa,,,124,Carey,,,0,0,,LD50,,,,,,,,,,,,,
Pig,Pig (Sus scrofa),pig,Sus scrofa,sus_scrofa,,,124,Carey,,,1,0.5,,LD50,,,,,,,,,,,,,
Pig,Pig (Sus scrofa),pig,Sus scrofa,sus_scrofa,,,124,Carey,,,2,2.4,,LD50,,,,,,,,,,,,,
Pig,Pig (Sus scrofa),pig,Sus scrofa,sus_scrofa,,,124,Carey,,,3,2.6,,LD50,,,,,,,,,,,,,
Pig,Pig (Sus scrofa),pig,Sus scrofa,sus_scrofa,,,124,Carey,,,4,0.5,,LD50,,,,,,,,,,,,,
Pig,Pig (Sus scrofa),pig,Sus scrofa,sus_scrofa,,,124,Carey,,,5,0,,LD50,,,,,,,,,,,,,
Pig,Pig (Sus scrofa),pig,Sus scrofa,sus_scrofa,,77,125,Carey,,,0,0,,LD50,,,,,,,,,,,,,
Pig,Pig (Sus scrofa),pig,Sus scrofa,sus_scrofa,,77,125,Carey,,,1,0,,LD50,,,,,,,,,,,,,
Pig,Pig (Sus scrofa),pig,Sus scrofa,sus_scrofa,,77,125,Carey,,,2,0,,LD50,,,,,,,,,,,,,
Pig,Pig (Sus scrofa),pig,Sus scrofa,sus_scrofa,,77,125,Carey,,,3,0.4,,LD50,,,,,,,,,,,,,
Pig,Pig (Sus scrofa),pig,Sus scrofa,sus_scrofa,,77,125,Carey,,,4,0,,LD50,,,,,,,,,,,,,
Pig,Pig (Sus scrofa),pig,Sus scrofa,sus_scrofa,,77,125,Carey,,,5,0,,LD50,,,,,,,,,,,,,
Pig,Pig (Sus scrofa),pig,Sus scrofa,sus_scrofa,,79,126,Carey,,,0,0,,LD50,,,,,,,,,,,,,
Pig,Pig (Sus scrofa),pig,Sus scrofa,sus_scrofa,,79,126,Carey,,,1,0.5,,LD50,,,,,,,,,,,,,
Pig,Pig (Sus scrofa),pig,Sus scrofa,sus_scrofa,,79,126,Carey,,,2,2.1,,LD50,,,,,,,,,,,,,
Pig,Pig (Sus scrofa),pig,Sus scrofa,sus_scrofa,,79,126,Carey,,,3,1,,LD50,,,,,,,,,,,,,
Pig,Pig (Sus scrofa),pig,Sus scrofa,sus_scrofa,,79,126,Carey,,,4,0,,LD50,,,,,,,,,,,,,
Pig,Pig (Sus scrofa),pig,Sus scrofa,sus_scrofa,,79,126,Carey,,,5,0,,LD50,,,,,,,,,,,,,
Pig,Pig (Sus scrofa),pig,Sus scrofa,sus_scrofa,,85,127,Carey,,,0,0,,LD50,,,,,,,,,,,,,
Pig,Pig (Sus scrofa),pig,Sus scrofa,sus_scrofa,,85,127,Carey,,,1,2.3,,LD50,,,,,,,,,,,,,
Pig,Pig (Sus scrofa),pig,Sus scrofa,sus_scrofa,,85,127,Carey,,,2,3.5,,LD50,,,,,,,,,,,,,
Pig,Pig (Sus scrofa),pig,Sus scrofa,sus_scrofa,,85,127,Carey,,,3,1.7,,LD50,,,,,,,,,,,,,
Pig,Pig (Sus scrofa),pig,Sus scrofa,sus_scrofa,,85,127,Carey,,,4,0,,LD50,,,,,,,,,,,,,
Pig,Pig (Sus scrofa),pig,Sus scrofa,sus_scrofa,,85,127,Carey,,,5,0,,LD50,,,,,,,,,,,,,
Cow,Cow (Bos taurus),cow,Bos taurus ,bos_taurus,,,128,Ilkal,,,,0,0,LD50,0,0,11,,,1,,,,,,,
Pig,Pig (Sus scrofa),pig,Sus scrofa,sus_scrofa,,,129,Lunt,,,,3.5,3.5,TCID50,4.3,3,3,,,1,,,,,,,
Pig,Pig (Sus scrofa),pig,Sus scrofa,sus_scrofa,,,130,Lunt,,,,3.3,3.3,TCID50,4.7,3,3,,,1,,,,,,,
Pig,Pig (Sus scrofa),pig,Sus scrofa,sus_scrofa,,,131,Lunt,,,,3.7,3.7,TCID50,4.5,3,3,,,1,,,,,,,
Pig,Pig (Sus scrofa),pig,Sus scrofa,sus_scrofa,,,132,Lunt,,,,4,4,TCID50,4.1,3,3,,,1,,,,,,,
Pig,Pig (Sus scrofa),pig,Sus scrofa,sus_scrofa,,,133,Lunt,,,,4.1,4.1,TCID50,3.3,3,3,,,1,,,,,,,
Pig,Pig (Sus scrofa),pig,Sus scrofa,sus_scrofa,,,134,Lunt,,,,4.9,4.9,TCID50,3.7,3,3,,,1,,,,,,,
Pig,Pig (Sus scrofa),pig,Sus scrofa,sus_scrofa,,,135,Lunt,,,,2.1,2.1,TCID50,4,3,3,,,1,,,,,,,
